CustomerID,Age,Gender,Tenure,MonthlyCharges,ContractType,InternetService,TotalCharges,TechSupport,Churn,ChurnFlag,TenureGroup,ChargeCategory,AnnualCharges
1,49,Male,4,88.35,Month-to-Month,Fiber Optic,353.4,Yes,Yes,1,New,High,1060.1999999999998
2,43,Male,0,36.67,Month-to-Month,Fiber Optic,0.0,Yes,Yes,1,,Medium,440.04
3,51,Female,2,63.79,Month-to-Month,Fiber Optic,127.58,No,Yes,1,New,Medium,765.48
4,60,Female,8,102.34,One-Year,DSL,818.72,Yes,Yes,1,New,High,1228.08
5,42,Male,32,69.01,Month-to-Month,,2208.32,No,Yes,1,2-4 Years,Medium,828.1200000000001
6,42,Female,16,119.75,Two-Year,DSL,1916.0,Yes,Yes,1,1-2 Years,High,1437.0
7,60,Male,14,80.32,One-Year,,1124.48,No,Yes,1,1-2 Years,High,963.8399999999999
8,52,Female,6,58.9,One-Year,,353.4,No,Yes,1,New,Medium,706.8
9,40,Female,53,49.81,Two-Year,Fiber Optic,2639.93,Yes,No,0,4+ Years,Medium,597.72
10,50,Female,10,61.55,Month-to-Month,Fiber Optic,615.5,Yes,Yes,1,New,Medium,738.5999999999999
11,40,Female,1,63.53,Month-to-Month,Fiber Optic,63.53,Yes,Yes,1,New,Medium,762.36
12,40,Female,19,36.18,One-Year,Fiber Optic,687.42,Yes,No,0,1-2 Years,Medium,434.15999999999997
13,47,Male,2,63.26,Two-Year,,126.52,No,Yes,1,New,Medium,759.12
14,25,Female,8,71.78,One-Year,,574.24,No,Yes,1,New,High,861.36
15,27,Male,14,95.05,Month-to-Month,Fiber Optic,1330.7,Yes,Yes,1,1-2 Years,High,1140.6
16,39,Female,41,89.11,Two-Year,Fiber Optic,3653.51,Yes,No,0,2-4 Years,High,1069.32
17,34,Female,13,93.79,Month-to-Month,,1219.27,No,Yes,1,1-2 Years,High,1125.48
18,48,Female,24,30.75,Two-Year,,738.0,No,Yes,1,1-2 Years,Low,369.0
19,35,Male,98,49.59,Two-Year,Fiber Optic,4859.82,Yes,No,0,,Medium,595.08
20,30,Female,2,89.55,Month-to-Month,Fiber Optic,179.1,No,Yes,1,New,High,1074.6
21,59,Female,6,73.56,One-Year,DSL,441.36,No,Yes,1,New,High,882.72
22,42,Female,10,30.48,Month-to-Month,,304.8,No,Yes,1,New,Low,365.76
23,45,Male,10,102.4,Month-to-Month,DSL,1024.0,Yes,Yes,1,New,High,1228.8000000000002
24,30,Male,10,99.55,One-Year,Fiber Optic,995.5,Yes,Yes,1,New,High,1194.6
25,39,Male,47,79.36,One-Year,DSL,3729.92,Yes,No,0,2-4 Years,High,952.3199999999999
26,46,Male,25,35.98,Two-Year,DSL,899.5,Yes,No,0,2-4 Years,Medium,431.76
27,33,Female,18,98.99,One-Year,Fiber Optic,1781.82,Yes,No,0,1-2 Years,High,1187.8799999999999
28,48,Male,7,82.53,Month-to-Month,,577.71,No,Yes,1,New,High,990.36
29,38,Female,34,100.38,Two-Year,DSL,3412.92,Yes,Yes,1,2-4 Years,High,1204.56
30,42,Male,62,97.66,Two-Year,Fiber Optic,6054.92,Yes,No,0,4+ Years,High,1171.92
31,38,Male,34,102.27,Month-to-Month,DSL,3477.18,No,Yes,1,2-4 Years,High,1227.24
32,63,Female,0,76.62,Two-Year,DSL,0.0,Yes,Yes,1,,High,919.44
33,44,Female,20,42.63,Month-to-Month,Fiber Optic,852.6,Yes,Yes,1,1-2 Years,Medium,511.56000000000006
34,34,Female,1,90.4,Two-Year,Fiber Optic,90.4,Yes,Yes,1,New,High,1084.8000000000002
35,53,Female,5,85.84,Month-to-Month,DSL,429.2,Yes,Yes,1,New,High,1030.08
36,32,Female,1,96.8,Month-to-Month,Fiber Optic,96.8,No,Yes,1,New,High,1161.6
37,47,Male,18,45.29,Month-to-Month,DSL,815.22,Yes,Yes,1,1-2 Years,Medium,543.48
38,25,Female,23,47.55,One-Year,Fiber Optic,1093.65,Yes,No,0,1-2 Years,Medium,570.5999999999999
39,31,Female,2,110.14,Month-to-Month,,220.28,No,Yes,1,New,High,1321.68
40,46,Female,9,97.5,Month-to-Month,,877.5,No,Yes,1,New,High,1170.0
41,52,Male,12,111.74,One-Year,Fiber Optic,1340.88,Yes,Yes,1,New,High,1340.8799999999999
42,46,Female,9,98.28,Two-Year,Fiber Optic,884.52,Yes,Yes,1,New,High,1179.3600000000001
43,43,Male,2,83.74,Month-to-Month,,167.48,No,Yes,1,New,High,1004.8799999999999
44,41,Male,10,88.87,Month-to-Month,DSL,888.7,Yes,Yes,1,New,High,1066.44
45,30,Male,27,110.02,Month-to-Month,,2970.54,No,Yes,1,2-4 Years,High,1320.24
46,37,Male,1,82.09,Month-to-Month,,82.09,No,Yes,1,New,High,985.08
47,40,Female,1,86.92,Two-Year,DSL,86.92,Yes,Yes,1,New,High,1043.04
48,55,Female,8,44.08,Two-Year,DSL,352.64,No,Yes,1,New,Medium,528.96
49,48,Female,56,72.65,One-Year,,4068.4,No,Yes,1,4+ Years,High,871.8000000000001
50,27,Male,22,94.48,Month-to-Month,Fiber Optic,2078.56,Yes,Yes,1,1-2 Years,High,1133.76
51,48,Male,22,54.38,One-Year,DSL,1196.36,Yes,No,0,1-2 Years,Medium,652.5600000000001
52,41,Male,8,48.2,One-Year,DSL,385.6,No,Yes,1,New,Medium,578.4000000000001
53,38,Female,18,58.24,Two-Year,Fiber Optic,1048.32,Yes,No,0,1-2 Years,Medium,698.88
54,51,Male,0,51.74,One-Year,Fiber Optic,0.0,No,Yes,1,,Medium,620.88
55,55,Female,20,49.34,One-Year,,986.8,No,Yes,1,1-2 Years,Medium,592.08
56,54,Female,48,68.24,One-Year,,3275.52,No,Yes,1,2-4 Years,Medium,818.8799999999999
57,36,Male,18,111.71,Month-to-Month,DSL,2010.78,Yes,Yes,1,1-2 Years,High,1340.52
58,41,Female,41,75.64,Two-Year,Fiber Optic,3101.24,Yes,No,0,2-4 Years,High,907.6800000000001
59,48,Female,25,46.91,One-Year,Fiber Optic,1172.75,No,Yes,1,2-4 Years,Medium,562.92
60,54,Female,2,36.93,One-Year,Fiber Optic,73.86,No,Yes,1,New,Medium,443.15999999999997
61,40,Female,46,92.65,Month-to-Month,DSL,4261.9,Yes,Yes,1,2-4 Years,High,1111.8000000000002
62,43,Male,1,64.45,One-Year,,64.45,No,Yes,1,New,Medium,773.4000000000001
63,33,Male,15,103.96,One-Year,,1559.4,No,Yes,1,1-2 Years,High,1247.52
64,33,Female,3,89.36,Month-to-Month,Fiber Optic,268.08,Yes,Yes,1,New,High,1072.32
65,53,Female,0,101.66,Month-to-Month,Fiber Optic,0.0,Yes,Yes,1,,High,1219.92
66,58,Male,10,54.48,One-Year,DSL,544.8,Yes,Yes,1,New,Medium,653.76
67,44,Female,6,92.31,One-Year,Fiber Optic,553.86,Yes,Yes,1,New,High,1107.72
68,55,Female,13,53.77,One-Year,Fiber Optic,699.01,Yes,No,0,1-2 Years,Medium,645.24
69,48,Female,17,114.52,Month-to-Month,Fiber Optic,1946.84,Yes,Yes,1,1-2 Years,High,1374.24
70,38,Male,0,87.27,One-Year,,0.0,No,Yes,1,,High,1047.24
71,48,Female,2,59.21,Month-to-Month,Fiber Optic,118.42,Yes,Yes,1,New,Medium,710.52
72,60,Female,16,54.26,Month-to-Month,Fiber Optic,868.16,Yes,Yes,1,1-2 Years,Medium,651.12
73,44,Male,8,47.18,Month-to-Month,,377.44,No,Yes,1,New,Medium,566.16
74,60,Male,26,92.52,Month-to-Month,DSL,2405.52,No,Yes,1,2-4 Years,High,1110.24
75,18,Female,21,49.68,Month-to-Month,Fiber Optic,1043.28,Yes,Yes,1,1-2 Years,Medium,596.16
76,53,Male,37,83.58,Month-to-Month,Fiber Optic,3092.46,Yes,Yes,1,2-4 Years,High,1002.96
77,45,Female,23,53.82,Month-to-Month,Fiber Optic,1237.86,No,Yes,1,1-2 Years,Medium,645.84
78,42,Female,11,89.58,Month-to-Month,,985.38,No,Yes,1,New,High,1074.96
79,45,Male,22,103.34,One-Year,Fiber Optic,2273.48,Yes,Yes,1,1-2 Years,High,1240.08
80,25,Female,6,100.02,Month-to-Month,,600.12,No,Yes,1,New,High,1200.24
81,42,Male,7,98.48,Month-to-Month,Fiber Optic,689.36,No,Yes,1,New,High,1181.76
82,48,Female,31,46.9,Two-Year,Fiber Optic,1453.9,No,Yes,1,2-4 Years,Medium,562.8
83,59,Male,11,37.95,Month-to-Month,,417.45,No,Yes,1,New,Medium,455.40000000000003
84,39,Female,32,92.91,One-Year,DSL,2973.12,No,Yes,1,2-4 Years,High,1114.92
85,36,Male,34,63.15,Month-to-Month,DSL,2147.1,Yes,Yes,1,2-4 Years,Medium,757.8
86,39,Male,38,68.91,Month-to-Month,Fiber Optic,2618.58,Yes,Yes,1,2-4 Years,Medium,826.92
87,54,Female,49,32.8,One-Year,DSL,1607.2,Yes,No,0,4+ Years,Low,393.59999999999997
88,48,Male,11,53.36,One-Year,DSL,586.96,Yes,Yes,1,New,Medium,640.3199999999999
89,39,Female,7,33.03,Two-Year,Fiber Optic,231.21,Yes,Yes,1,New,Low,396.36
90,50,Male,17,109.13,One-Year,Fiber Optic,1855.21,Yes,Yes,1,1-2 Years,High,1309.56
91,45,Female,9,51.91,Two-Year,Fiber Optic,467.19,Yes,Yes,1,New,Medium,622.92
92,54,Male,18,80.16,Month-to-Month,,1442.88,No,Yes,1,1-2 Years,High,961.92
93,37,Female,24,33.51,Month-to-Month,Fiber Optic,804.24,Yes,Yes,1,1-2 Years,Low,402.12
94,41,Male,23,90.02,Month-to-Month,,2070.46,No,Yes,1,1-2 Years,High,1080.24
95,41,Male,9,59.07,Month-to-Month,DSL,531.63,Yes,Yes,1,New,Medium,708.84
96,30,Male,3,110.81,One-Year,Fiber Optic,332.43,Yes,Yes,1,New,High,1329.72
97,47,Male,11,109.93,One-Year,,1209.23,No,Yes,1,New,High,1319.16
98,47,Female,3,59.28,Month-to-Month,Fiber Optic,177.84,Yes,Yes,1,New,Medium,711.36
99,45,Male,44,111.09,Two-Year,,4887.96,No,Yes,1,2-4 Years,High,1333.08
100,42,Female,8,119.65,Two-Year,Fiber Optic,957.2,Yes,Yes,1,New,High,1435.8000000000002
101,30,Male,3,104.29,Month-to-Month,DSL,312.87,Yes,Yes,1,New,High,1251.48
102,40,Male,0,106.04,Month-to-Month,Fiber Optic,0.0,Yes,Yes,1,,High,1272.48
103,41,Female,20,52.41,Month-to-Month,Fiber Optic,1048.2,Yes,Yes,1,1-2 Years,Medium,628.92
104,36,Female,20,81.9,Month-to-Month,,1638.0,No,Yes,1,1-2 Years,High,982.8000000000001
105,43,Male,8,36.05,Month-to-Month,DSL,288.4,Yes,Yes,1,New,Medium,432.59999999999997
106,49,Male,1,38.54,One-Year,,38.54,No,Yes,1,New,Medium,462.48
107,63,Male,10,119.9,Month-to-Month,,1199.0,No,Yes,1,New,High,1438.8000000000002
108,46,Female,7,59.4,Month-to-Month,DSL,415.8,No,Yes,1,New,Medium,712.8
109,47,Female,22,97.34,Two-Year,Fiber Optic,2141.48,Yes,No,0,1-2 Years,High,1168.08
110,44,Male,18,102.6,One-Year,,1846.8,No,Yes,1,1-2 Years,High,1231.1999999999998
111,25,Female,9,107.22,Two-Year,,964.98,No,Yes,1,New,High,1286.6399999999999
112,44,Female,4,119.79,Month-to-Month,Fiber Optic,479.16,Yes,Yes,1,New,High,1437.48
113,45,Female,88,51.73,Month-to-Month,Fiber Optic,4552.24,Yes,Yes,1,,Medium,620.76
114,69,Female,12,33.63,One-Year,Fiber Optic,403.56,No,Yes,1,New,Low,403.56000000000006
115,43,Male,23,67.01,Month-to-Month,Fiber Optic,1541.23,Yes,Yes,1,1-2 Years,Medium,804.1200000000001
116,48,Male,3,41.71,Month-to-Month,DSL,125.13,Yes,Yes,1,New,Medium,500.52
117,44,Male,13,32.02,One-Year,,416.26,No,Yes,1,1-2 Years,Low,384.24
118,33,Male,0,62.44,One-Year,DSL,0.0,Yes,Yes,1,,Medium,749.28
119,56,Female,14,100.54,Month-to-Month,DSL,1407.56,Yes,Yes,1,1-2 Years,High,1206.48
120,52,Female,66,80.96,Month-to-Month,Fiber Optic,5343.36,Yes,Yes,1,4+ Years,High,971.52
121,52,Male,9,58.15,Month-to-Month,Fiber Optic,523.35,Yes,Yes,1,New,Medium,697.8
122,35,Male,0,88.89,Month-to-Month,Fiber Optic,0.0,No,Yes,1,,High,1066.68
123,59,Male,0,50.88,Month-to-Month,Fiber Optic,0.0,No,Yes,1,,Medium,610.5600000000001
124,30,Female,9,31.29,Month-to-Month,Fiber Optic,281.61,Yes,Yes,1,New,Low,375.48
125,50,Male,3,98.79,Month-to-Month,DSL,296.37,No,Yes,1,New,High,1185.48
126,66,Female,0,86.14,Two-Year,Fiber Optic,0.0,Yes,Yes,1,,High,1033.68
127,35,Male,28,98.61,One-Year,,2761.08,No,Yes,1,2-4 Years,High,1183.32
128,39,Male,12,33.5,One-Year,Fiber Optic,402.0,Yes,No,0,New,Low,402.0
129,45,Female,6,105.34,Month-to-Month,Fiber Optic,632.04,Yes,Yes,1,New,High,1264.08
130,39,Female,46,85.76,Month-to-Month,Fiber Optic,3944.96,Yes,Yes,1,2-4 Years,High,1029.1200000000001
131,29,Male,2,80.71,Month-to-Month,,161.42,No,Yes,1,New,High,968.52
132,45,Female,62,86.22,Month-to-Month,DSL,5345.64,No,Yes,1,4+ Years,High,1034.6399999999999
133,34,Female,7,107.8,Month-to-Month,Fiber Optic,754.6,Yes,Yes,1,New,High,1293.6
134,49,Female,43,82.82,One-Year,,3561.26,No,Yes,1,2-4 Years,High,993.8399999999999
135,35,Male,18,82.29,One-Year,Fiber Optic,1481.22,No,Yes,1,1-2 Years,High,987.48
136,60,Female,35,119.16,One-Year,DSL,4170.6,No,Yes,1,2-4 Years,High,1429.92
137,37,Female,82,98.11,Month-to-Month,Fiber Optic,8045.02,No,Yes,1,,High,1177.32
138,41,Female,6,69.81,Two-Year,DSL,418.86,Yes,Yes,1,New,Medium,837.72
139,53,Male,64,93.67,Month-to-Month,Fiber Optic,5994.88,No,Yes,1,4+ Years,High,1124.04
140,32,Male,9,65.03,Month-to-Month,,585.27,No,Yes,1,New,Medium,780.36
141,47,Male,9,50.6,Month-to-Month,DSL,455.4,Yes,Yes,1,New,Medium,607.2
142,58,Female,8,83.72,One-Year,,669.76,No,Yes,1,New,High,1004.64
143,28,Male,15,113.54,Two-Year,DSL,1703.1,Yes,Yes,1,1-2 Years,High,1362.48
144,46,Female,3,113.62,Month-to-Month,,340.86,No,Yes,1,New,High,1363.44
145,47,Female,16,60.77,Two-Year,Fiber Optic,972.32,Yes,No,0,1-2 Years,Medium,729.24
146,52,Male,15,77.49,Two-Year,DSL,1162.35,Yes,No,0,1-2 Years,High,929.8799999999999
147,32,Female,28,49.05,Month-to-Month,DSL,1373.4,No,Yes,1,2-4 Years,Medium,588.5999999999999
148,31,Male,35,119.61,Month-to-Month,,4186.35,No,Yes,1,2-4 Years,High,1435.32
149,50,Female,11,118.3,Month-to-Month,DSL,1301.3,Yes,Yes,1,New,High,1419.6
150,47,Male,7,88.46,Two-Year,DSL,619.22,Yes,Yes,1,New,High,1061.52
151,47,Female,6,102.4,Month-to-Month,Fiber Optic,614.4,No,Yes,1,New,High,1228.8000000000002
152,48,Female,4,94.36,One-Year,Fiber Optic,377.44,Yes,Yes,1,New,High,1132.32
153,38,Female,1,83.38,Month-to-Month,Fiber Optic,83.38,Yes,Yes,1,New,High,1000.56
154,47,Female,8,34.8,One-Year,DSL,278.4,Yes,Yes,1,New,Low,417.59999999999997
155,47,Female,6,70.93,Month-to-Month,DSL,425.58,No,Yes,1,New,High,851.1600000000001
156,37,Female,67,90.73,One-Year,DSL,6078.91,No,Yes,1,4+ Years,High,1088.76
157,63,Female,16,90.98,Two-Year,DSL,1455.68,Yes,No,0,1-2 Years,High,1091.76
158,49,Female,8,63.58,Two-Year,Fiber Optic,508.64,Yes,Yes,1,New,Medium,762.96
159,33,Male,17,114.75,Two-Year,,1950.75,No,Yes,1,1-2 Years,High,1377.0
160,51,Female,2,45.06,Month-to-Month,DSL,90.12,Yes,Yes,1,New,Medium,540.72
161,35,Female,11,75.03,One-Year,Fiber Optic,825.33,Yes,Yes,1,New,High,900.36
162,52,Female,19,92.18,Month-to-Month,Fiber Optic,1751.42,Yes,Yes,1,1-2 Years,High,1106.16
163,56,Male,13,92.74,Month-to-Month,,1205.62,No,Yes,1,1-2 Years,High,1112.8799999999999
164,36,Female,10,88.38,One-Year,,883.8,No,Yes,1,New,High,1060.56
165,54,Male,101,54.78,Month-to-Month,,5532.78,No,Yes,1,,Medium,657.36
166,49,Female,42,44.06,One-Year,DSL,1850.52,Yes,No,0,2-4 Years,Medium,528.72
167,53,Male,19,87.23,Two-Year,DSL,1657.37,No,Yes,1,1-2 Years,High,1046.76
168,63,Female,16,83.94,Month-to-Month,Fiber Optic,1343.04,Yes,Yes,1,1-2 Years,High,1007.28
169,42,Female,19,46.14,One-Year,DSL,876.66,No,Yes,1,1-2 Years,Medium,553.6800000000001
170,37,Male,4,93.46,Month-to-Month,Fiber Optic,373.84,Yes,Yes,1,New,High,1121.52
171,36,Female,10,70.97,Month-to-Month,,709.7,No,Yes,1,New,High,851.64
172,36,Male,0,90.1,Month-to-Month,,0.0,No,Yes,1,,High,1081.1999999999998
173,44,Female,12,105.36,Two-Year,,1264.32,No,Yes,1,New,High,1264.32
174,48,Female,15,45.28,Two-Year,Fiber Optic,679.2,No,Yes,1,1-2 Years,Medium,543.36
175,47,Female,5,31.72,Two-Year,Fiber Optic,158.6,Yes,Yes,1,New,Low,380.64
176,53,Female,66,100.12,Two-Year,Fiber Optic,6607.92,No,Yes,1,4+ Years,High,1201.44
177,45,Female,48,84.87,Month-to-Month,DSL,4073.76,Yes,Yes,1,2-4 Years,High,1018.44
178,59,Male,25,92.97,Month-to-Month,,2324.25,No,Yes,1,2-4 Years,High,1115.6399999999999
179,42,Male,15,105.43,One-Year,DSL,1581.45,No,Yes,1,1-2 Years,High,1265.16
180,72,Female,40,102.25,Month-to-Month,Fiber Optic,4090.0,No,Yes,1,2-4 Years,High,1227.0
181,51,Female,2,116.48,Month-to-Month,Fiber Optic,232.96,Yes,Yes,1,New,High,1397.76
182,36,Female,31,78.23,Month-to-Month,Fiber Optic,2425.13,Yes,Yes,1,2-4 Years,High,938.76
183,34,Female,2,73.96,One-Year,,147.92,No,Yes,1,New,High,887.52
184,49,Male,31,66.17,One-Year,Fiber Optic,2051.27,Yes,No,0,2-4 Years,Medium,794.04
185,42,Female,6,43.83,Month-to-Month,,262.98,No,Yes,1,New,Medium,525.96
186,52,Male,41,81.53,Month-to-Month,DSL,3342.73,Yes,Yes,1,2-4 Years,High,978.36
187,49,Female,57,54.93,One-Year,Fiber Optic,3131.01,Yes,No,0,4+ Years,Medium,659.16
188,44,Male,3,112.92,One-Year,,338.76,No,Yes,1,New,High,1355.04
189,36,Male,12,82.49,Month-to-Month,Fiber Optic,989.88,Yes,Yes,1,New,High,989.8799999999999
190,29,Male,79,83.36,One-Year,,6585.44,No,Yes,1,,High,1000.3199999999999
191,40,Male,13,61.94,Month-to-Month,DSL,805.22,No,Yes,1,1-2 Years,Medium,743.28
192,53,Female,39,34.68,Month-to-Month,Fiber Optic,1352.52,Yes,Yes,1,2-4 Years,Low,416.15999999999997
193,47,Male,17,32.86,One-Year,Fiber Optic,558.62,Yes,No,0,1-2 Years,Low,394.32
194,32,Male,9,68.1,One-Year,,612.9,No,Yes,1,New,Medium,817.1999999999999
195,46,Male,6,37.61,Month-to-Month,DSL,225.66,Yes,Yes,1,New,Medium,451.32
196,48,Male,4,84.62,One-Year,,338.48,No,Yes,1,New,High,1015.44
197,36,Male,28,109.29,One-Year,Fiber Optic,3060.12,Yes,Yes,1,2-4 Years,High,1311.48
198,46,Male,9,109.46,One-Year,DSL,985.14,Yes,Yes,1,New,High,1313.52
199,45,Female,14,89.31,One-Year,Fiber Optic,1250.34,No,Yes,1,1-2 Years,High,1071.72
200,33,Female,13,49.01,One-Year,Fiber Optic,637.13,Yes,No,0,1-2 Years,Medium,588.12
201,48,Female,17,107.67,Month-to-Month,Fiber Optic,1830.39,Yes,Yes,1,1-2 Years,High,1292.04
202,50,Male,40,109.75,Month-to-Month,,4390.0,No,Yes,1,2-4 Years,High,1317.0
203,55,Male,78,47.7,Month-to-Month,Fiber Optic,3720.6,Yes,Yes,1,,Medium,572.4000000000001
204,55,Female,10,96.37,Month-to-Month,Fiber Optic,963.7,No,Yes,1,New,High,1156.44
205,31,Female,35,55.79,One-Year,Fiber Optic,1952.65,Yes,No,0,2-4 Years,Medium,669.48
206,35,Male,28,102.24,One-Year,DSL,2862.72,Yes,Yes,1,2-4 Years,High,1226.8799999999999
207,50,Male,17,119.75,Month-to-Month,DSL,2035.75,Yes,Yes,1,1-2 Years,High,1437.0
208,50,Male,62,32.7,Month-to-Month,Fiber Optic,2027.4,Yes,Yes,1,4+ Years,Low,392.40000000000003
209,50,Male,4,110.76,Month-to-Month,Fiber Optic,443.04,Yes,Yes,1,New,High,1329.1200000000001
210,83,Male,2,86.04,Month-to-Month,DSL,172.08,No,Yes,1,New,High,1032.48
211,50,Female,38,117.6,One-Year,Fiber Optic,4468.8,No,Yes,1,2-4 Years,High,1411.1999999999998
212,56,Female,11,71.85,Month-to-Month,Fiber Optic,790.35,No,Yes,1,New,High,862.1999999999999
213,54,Female,37,106.26,One-Year,DSL,3931.62,No,Yes,1,2-4 Years,High,1275.1200000000001
214,51,Female,44,35.62,Two-Year,Fiber Optic,1567.28,Yes,No,0,2-4 Years,Medium,427.43999999999994
215,41,Female,1,60.18,Month-to-Month,DSL,60.18,Yes,Yes,1,New,Medium,722.16
216,52,Female,42,36.03,Month-to-Month,,1513.26,No,Yes,1,2-4 Years,Medium,432.36
217,37,Female,11,117.78,Month-to-Month,,1295.58,No,Yes,1,New,High,1413.3600000000001
218,42,Male,14,103.53,One-Year,,1449.42,No,Yes,1,1-2 Years,High,1242.3600000000001
219,40,Male,19,106.73,One-Year,DSL,2027.87,Yes,Yes,1,1-2 Years,High,1280.76
220,45,Male,52,114.42,Month-to-Month,,5949.84,No,Yes,1,4+ Years,High,1373.04
221,68,Female,0,37.66,One-Year,,0.0,No,Yes,1,,Medium,451.91999999999996
222,26,Female,12,64.7,Two-Year,,776.4,No,Yes,1,New,Medium,776.4000000000001
223,51,Male,23,36.39,Month-to-Month,DSL,836.97,No,Yes,1,1-2 Years,Medium,436.68
224,28,Female,25,48.97,Month-to-Month,Fiber Optic,1224.25,Yes,Yes,1,2-4 Years,Medium,587.64
225,40,Male,23,50.64,Two-Year,,1164.72,No,Yes,1,1-2 Years,Medium,607.6800000000001
226,55,Female,2,72.22,One-Year,Fiber Optic,144.44,Yes,Yes,1,New,High,866.64
227,45,Male,7,54.17,Two-Year,Fiber Optic,379.19,No,Yes,1,New,Medium,650.04
228,34,Male,8,39.09,One-Year,Fiber Optic,312.72,Yes,Yes,1,New,Medium,469.08000000000004
229,37,Female,32,45.07,Two-Year,Fiber Optic,1442.24,Yes,No,0,2-4 Years,Medium,540.84
230,51,Male,6,43.25,Month-to-Month,DSL,259.5,No,Yes,1,New,Medium,519.0
231,37,Male,4,117.58,One-Year,Fiber Optic,470.32,Yes,Yes,1,New,High,1410.96
232,47,Male,63,98.34,Two-Year,DSL,6195.42,No,Yes,1,4+ Years,High,1180.08
233,45,Female,0,117.1,One-Year,Fiber Optic,0.0,Yes,Yes,1,,High,1405.1999999999998
234,38,Female,122,69.58,Month-to-Month,DSL,8488.76,No,Yes,1,,Medium,834.96
235,66,Male,22,55.05,Month-to-Month,Fiber Optic,1211.1,Yes,Yes,1,1-2 Years,Medium,660.5999999999999
236,51,Female,35,101.85,Month-to-Month,DSL,3564.75,No,Yes,1,2-4 Years,High,1222.1999999999998
237,24,Female,6,59.36,Month-to-Month,Fiber Optic,356.16,No,Yes,1,New,Medium,712.3199999999999
238,46,Male,0,56.94,Month-to-Month,,0.0,No,Yes,1,,Medium,683.28
239,38,Male,26,50.93,One-Year,DSL,1324.18,Yes,No,0,2-4 Years,Medium,611.16
240,53,Male,35,41.67,One-Year,DSL,1458.45,Yes,No,0,2-4 Years,Medium,500.04
241,37,Male,26,53.08,Month-to-Month,DSL,1380.08,Yes,Yes,1,2-4 Years,Medium,636.96
242,43,Female,3,61.98,One-Year,,185.94,No,Yes,1,New,Medium,743.76
243,50,Male,28,90.66,Month-to-Month,Fiber Optic,2538.48,Yes,Yes,1,2-4 Years,High,1087.92
244,53,Female,29,35.63,Month-to-Month,Fiber Optic,1033.27,Yes,Yes,1,2-4 Years,Medium,427.56000000000006
245,32,Female,21,48.95,Month-to-Month,DSL,1027.95,Yes,Yes,1,1-2 Years,Medium,587.4000000000001
246,41,Male,29,102.81,One-Year,Fiber Optic,2981.49,No,Yes,1,2-4 Years,High,1233.72
247,40,Female,37,43.22,Month-to-Month,,1599.14,No,Yes,1,2-4 Years,Medium,518.64
248,38,Male,19,60.84,Month-to-Month,,1155.96,No,Yes,1,1-2 Years,Medium,730.08
249,62,Female,1,107.82,Month-to-Month,Fiber Optic,107.82,Yes,Yes,1,New,High,1293.84
250,49,Female,13,43.94,Two-Year,DSL,571.22,Yes,No,0,1-2 Years,Medium,527.28
251,32,Female,1,37.45,Month-to-Month,DSL,37.45,Yes,Yes,1,New,Medium,449.40000000000003
252,54,Female,10,73.61,One-Year,DSL,736.1,Yes,Yes,1,New,High,883.3199999999999
253,66,Male,10,57.22,One-Year,DSL,572.2,Yes,Yes,1,New,Medium,686.64
254,55,Female,1,80.71,One-Year,DSL,80.71,Yes,Yes,1,New,High,968.52
255,29,Female,8,102.34,Two-Year,DSL,818.72,Yes,Yes,1,New,High,1228.08
256,40,Female,2,42.34,Month-to-Month,Fiber Optic,84.68,Yes,Yes,1,New,Medium,508.08000000000004
257,57,Female,33,82.26,Month-to-Month,,2714.58,No,Yes,1,2-4 Years,High,987.1200000000001
258,37,Female,59,75.5,Two-Year,Fiber Optic,4454.5,Yes,No,0,4+ Years,High,906.0
259,49,Male,1,42.97,Month-to-Month,,42.97,No,Yes,1,New,Medium,515.64
260,52,Male,62,86.16,One-Year,,5341.92,No,Yes,1,4+ Years,High,1033.92
261,35,Female,14,54.63,One-Year,DSL,764.82,Yes,No,0,1-2 Years,Medium,655.5600000000001
262,44,Male,7,73.91,One-Year,,517.37,No,Yes,1,New,High,886.92
263,12,Female,1,37.4,Two-Year,DSL,37.4,No,Yes,1,New,Medium,448.79999999999995
264,34,Female,13,71.36,Two-Year,Fiber Optic,927.68,No,Yes,1,1-2 Years,High,856.3199999999999
265,42,Male,31,57.58,One-Year,Fiber Optic,1784.98,Yes,No,0,2-4 Years,Medium,690.96
266,32,Male,24,104.01,Month-to-Month,,2496.24,No,Yes,1,1-2 Years,High,1248.1200000000001
267,61,Female,1,35.13,Two-Year,DSL,35.13,Yes,Yes,1,New,Medium,421.56000000000006
268,30,Male,1,67.67,Month-to-Month,DSL,67.67,Yes,Yes,1,New,Medium,812.04
269,40,Female,10,71.26,Month-to-Month,,712.6,No,Yes,1,New,High,855.1200000000001
270,46,Male,6,95.25,Two-Year,DSL,571.5,Yes,Yes,1,New,High,1143.0
271,59,Female,5,81.69,Month-to-Month,Fiber Optic,408.45,Yes,Yes,1,New,High,980.28
272,30,Male,6,90.05,Month-to-Month,,540.3,No,Yes,1,New,High,1080.6
273,56,Female,32,99.93,Month-to-Month,,3197.76,No,Yes,1,2-4 Years,High,1199.16
274,45,Male,52,107.6,Two-Year,,5595.2,No,Yes,1,4+ Years,High,1291.1999999999998
275,35,Female,10,58.25,One-Year,,582.5,No,Yes,1,New,Medium,699.0
276,49,Male,47,78.42,One-Year,DSL,3685.74,Yes,No,0,2-4 Years,High,941.04
277,46,Female,7,105.61,Month-to-Month,,739.27,No,Yes,1,New,High,1267.32
278,38,Female,12,119.05,One-Year,Fiber Optic,1428.6,No,Yes,1,New,High,1428.6
279,45,Male,5,110.06,One-Year,Fiber Optic,550.3,Yes,Yes,1,New,High,1320.72
280,41,Male,20,63.43,Month-to-Month,DSL,1268.6,No,Yes,1,1-2 Years,Medium,761.16
281,46,Male,77,47.56,Month-to-Month,Fiber Optic,3662.12,No,Yes,1,,Medium,570.72
282,51,Female,18,74.05,Month-to-Month,,1332.9,No,Yes,1,1-2 Years,High,888.5999999999999
283,60,Female,8,96.75,Two-Year,,774.0,No,Yes,1,New,High,1161.0
284,32,Female,20,74.33,One-Year,Fiber Optic,1486.6,Yes,No,0,1-2 Years,High,891.96
285,66,Male,2,73.49,Two-Year,DSL,146.98,No,Yes,1,New,High,881.8799999999999
286,25,Male,43,105.44,Month-to-Month,Fiber Optic,4533.92,No,Yes,1,2-4 Years,High,1265.28
287,43,Female,13,62.53,One-Year,,812.89,No,Yes,1,1-2 Years,Medium,750.36
288,50,Female,11,107.38,One-Year,,1181.18,No,Yes,1,New,High,1288.56
289,47,Female,17,66.61,One-Year,Fiber Optic,1132.37,Yes,No,0,1-2 Years,Medium,799.3199999999999
290,38,Male,19,59.54,Two-Year,DSL,1131.26,Yes,No,0,1-2 Years,Medium,714.48
291,42,Female,1,70.86,Month-to-Month,Fiber Optic,70.86,Yes,Yes,1,New,High,850.3199999999999
292,40,Male,22,98.62,Month-to-Month,Fiber Optic,2169.64,Yes,Yes,1,1-2 Years,High,1183.44
293,39,Male,5,41.34,One-Year,,206.7,No,Yes,1,New,Medium,496.08000000000004
294,53,Female,25,47.68,One-Year,Fiber Optic,1192.0,No,Yes,1,2-4 Years,Medium,572.16
295,48,Female,34,115.63,One-Year,Fiber Optic,3931.42,Yes,Yes,1,2-4 Years,High,1387.56
296,38,Female,32,45.79,Month-to-Month,Fiber Optic,1465.28,Yes,Yes,1,2-4 Years,Medium,549.48
297,53,Male,16,81.1,One-Year,DSL,1297.6,Yes,No,0,1-2 Years,High,973.1999999999999
298,48,Male,14,82.14,Month-to-Month,,1149.96,No,Yes,1,1-2 Years,High,985.6800000000001
299,53,Female,3,74.07,Month-to-Month,Fiber Optic,222.21,No,Yes,1,New,High,888.8399999999999
300,51,Female,29,88.03,One-Year,Fiber Optic,2552.87,Yes,No,0,2-4 Years,High,1056.3600000000001
301,36,Male,6,50.68,One-Year,Fiber Optic,304.08,Yes,Yes,1,New,Medium,608.16
302,39,Male,13,79.74,Month-to-Month,Fiber Optic,1036.62,Yes,Yes,1,1-2 Years,High,956.8799999999999
303,52,Male,6,63.5,Month-to-Month,Fiber Optic,381.0,No,Yes,1,New,Medium,762.0
304,51,Female,2,89.55,Month-to-Month,,179.1,No,Yes,1,New,High,1074.6
305,44,Male,19,42.71,Month-to-Month,DSL,811.49,Yes,Yes,1,1-2 Years,Medium,512.52
306,46,Male,1,81.38,One-Year,Fiber Optic,81.38,Yes,Yes,1,New,High,976.56
307,57,Male,27,46.67,Two-Year,DSL,1260.09,Yes,No,0,2-4 Years,Medium,560.04
308,39,Male,7,55.08,Month-to-Month,Fiber Optic,385.56,No,Yes,1,New,Medium,660.96
309,50,Male,0,49.68,One-Year,DSL,0.0,Yes,Yes,1,,Medium,596.16
310,42,Female,14,46.46,Two-Year,Fiber Optic,650.44,Yes,No,0,1-2 Years,Medium,557.52
311,42,Male,0,104.31,Two-Year,,0.0,No,Yes,1,,High,1251.72
312,55,Female,6,55.71,Month-to-Month,,334.26,No,Yes,1,New,Medium,668.52
313,53,Male,24,113.44,Two-Year,Fiber Optic,2722.56,No,Yes,1,1-2 Years,High,1361.28
314,53,Female,1,117.29,Month-to-Month,Fiber Optic,117.29,Yes,Yes,1,New,High,1407.48
315,58,Female,36,81.41,Month-to-Month,DSL,2930.76,No,Yes,1,2-4 Years,High,976.92
316,45,Female,0,42.87,Month-to-Month,Fiber Optic,0.0,No,Yes,1,,Medium,514.4399999999999
317,51,Female,5,63.71,Month-to-Month,,318.55,No,Yes,1,New,Medium,764.52
318,41,Male,27,101.8,Month-to-Month,DSL,2748.6,Yes,Yes,1,2-4 Years,High,1221.6
319,48,Male,7,63.07,Month-to-Month,Fiber Optic,441.49,Yes,Yes,1,New,Medium,756.84
320,43,Female,2,37.83,Month-to-Month,,75.66,No,Yes,1,New,Medium,453.96
321,45,Female,8,80.11,Two-Year,,640.88,No,Yes,1,New,High,961.3199999999999
322,50,Female,6,106.06,Two-Year,DSL,636.36,Yes,Yes,1,New,High,1272.72
323,36,Female,36,101.63,Month-to-Month,Fiber Optic,3658.68,Yes,Yes,1,2-4 Years,High,1219.56
324,65,Female,7,45.76,Two-Year,DSL,320.32,No,Yes,1,New,Medium,549.12
325,34,Male,31,90.55,Two-Year,DSL,2807.05,Yes,No,0,2-4 Years,High,1086.6
326,32,Male,44,49.85,One-Year,,2193.4,No,Yes,1,2-4 Years,Medium,598.2
327,56,Female,11,49.64,Month-to-Month,,546.04,No,Yes,1,New,Medium,595.6800000000001
328,52,Female,48,108.67,One-Year,,5216.16,No,Yes,1,2-4 Years,High,1304.04
329,51,Male,9,52.47,Two-Year,DSL,472.23,No,Yes,1,New,Medium,629.64
330,51,Female,66,53.69,One-Year,,3543.54,No,Yes,1,4+ Years,Medium,644.28
331,44,Male,1,30.06,Month-to-Month,Fiber Optic,30.06,No,Yes,1,New,Low,360.71999999999997
332,36,Female,23,108.36,One-Year,Fiber Optic,2492.28,Yes,Yes,1,1-2 Years,High,1300.32
333,45,Male,13,101.33,One-Year,Fiber Optic,1317.29,Yes,Yes,1,1-2 Years,High,1215.96
334,38,Male,9,86.46,One-Year,DSL,778.14,Yes,Yes,1,New,High,1037.52
335,54,Female,20,97.52,Month-to-Month,,1950.4,No,Yes,1,1-2 Years,High,1170.24
336,43,Male,24,43.68,Month-to-Month,Fiber Optic,1048.32,Yes,Yes,1,1-2 Years,Medium,524.16
337,36,Female,0,71.25,Two-Year,DSL,0.0,Yes,Yes,1,,High,855.0
338,41,Female,3,61.61,Two-Year,DSL,184.83,Yes,Yes,1,New,Medium,739.3199999999999
339,49,Female,24,38.44,Month-to-Month,DSL,922.56,Yes,Yes,1,1-2 Years,Medium,461.28
340,39,Male,21,73.75,Two-Year,DSL,1548.75,Yes,No,0,1-2 Years,High,885.0
341,36,Male,67,112.87,Month-to-Month,Fiber Optic,7562.29,No,Yes,1,4+ Years,High,1354.44
342,47,Male,28,33.61,One-Year,,941.08,No,Yes,1,2-4 Years,Low,403.32
343,47,Female,60,56.23,One-Year,DSL,3373.8,Yes,No,0,4+ Years,Medium,674.76
344,39,Female,24,48.68,Two-Year,DSL,1168.32,Yes,No,0,1-2 Years,Medium,584.16
345,40,Female,7,51.43,Two-Year,Fiber Optic,360.01,No,Yes,1,New,Medium,617.16
346,47,Female,2,111.76,Month-to-Month,,223.52,No,Yes,1,New,High,1341.1200000000001
347,30,Female,30,72.13,Two-Year,Fiber Optic,2163.9,Yes,No,0,2-4 Years,High,865.56
348,30,Female,20,71.97,Month-to-Month,Fiber Optic,1439.4,No,Yes,1,1-2 Years,High,863.64
349,37,Male,0,98.45,One-Year,Fiber Optic,0.0,Yes,Yes,1,,High,1181.4
350,42,Female,8,43.9,One-Year,DSL,351.2,Yes,Yes,1,New,Medium,526.8
351,48,Male,62,73.85,One-Year,DSL,4578.7,No,Yes,1,4+ Years,High,886.1999999999999
352,59,Female,13,68.7,Month-to-Month,,893.1,No,Yes,1,1-2 Years,Medium,824.4000000000001
353,53,Female,11,83.72,Two-Year,Fiber Optic,920.92,Yes,Yes,1,New,High,1004.64
354,43,Female,12,119.96,Month-to-Month,Fiber Optic,1439.52,No,Yes,1,New,High,1439.52
355,44,Male,4,99.25,Month-to-Month,,397.0,No,Yes,1,New,High,1191.0
356,34,Male,9,65.81,One-Year,Fiber Optic,592.29,No,Yes,1,New,Medium,789.72
357,44,Male,9,104.48,Month-to-Month,DSL,940.32,Yes,Yes,1,New,High,1253.76
358,42,Male,1,45.36,Two-Year,Fiber Optic,45.36,Yes,Yes,1,New,Medium,544.3199999999999
359,48,Male,29,32.74,Month-to-Month,DSL,949.46,Yes,Yes,1,2-4 Years,Low,392.88
360,36,Female,10,48.4,Month-to-Month,DSL,484.0,Yes,Yes,1,New,Medium,580.8
361,50,Female,34,60.64,Two-Year,Fiber Optic,2061.76,Yes,No,0,2-4 Years,Medium,727.6800000000001
362,60,Male,37,75.95,One-Year,,2810.15,No,Yes,1,2-4 Years,High,911.4000000000001
363,43,Male,4,85.36,Month-to-Month,,341.44,No,Yes,1,New,High,1024.32
364,49,Male,21,111.95,One-Year,Fiber Optic,2350.95,Yes,Yes,1,1-2 Years,High,1343.4
365,51,Female,12,75.89,One-Year,DSL,910.68,Yes,No,0,New,High,910.6800000000001
366,40,Female,42,75.11,One-Year,DSL,3154.62,Yes,No,0,2-4 Years,High,901.3199999999999
367,47,Female,4,34.52,Month-to-Month,,138.08,No,Yes,1,New,Low,414.24
368,45,Female,22,33.14,Two-Year,Fiber Optic,729.08,No,Yes,1,1-2 Years,Low,397.68
369,45,Female,18,79.6,Two-Year,Fiber Optic,1432.8,No,Yes,1,1-2 Years,High,955.1999999999999
370,37,Female,6,69.44,One-Year,,416.64,No,Yes,1,New,Medium,833.28
371,45,Male,2,105.53,Month-to-Month,,211.06,No,Yes,1,New,High,1266.3600000000001
372,49,Female,21,44.46,Two-Year,,933.66,No,Yes,1,1-2 Years,Medium,533.52
373,59,Male,26,32.25,One-Year,DSL,838.5,Yes,No,0,2-4 Years,Low,387.0
374,54,Female,7,70.41,One-Year,,492.87,No,Yes,1,New,High,844.92
375,66,Male,20,51.37,Month-to-Month,,1027.4,No,Yes,1,1-2 Years,Medium,616.4399999999999
376,37,Female,10,34.47,Two-Year,DSL,344.7,No,Yes,1,New,Low,413.64
377,53,Female,24,95.21,One-Year,Fiber Optic,2285.04,Yes,No,0,1-2 Years,High,1142.52
378,46,Female,4,40.04,Month-to-Month,Fiber Optic,160.16,Yes,Yes,1,New,Medium,480.48
379,66,Female,44,84.75,Month-to-Month,,3729.0,No,Yes,1,2-4 Years,High,1017.0
380,36,Male,6,55.29,Two-Year,DSL,331.74,No,Yes,1,New,Medium,663.48
381,36,Male,9,45.61,Month-to-Month,Fiber Optic,410.49,Yes,Yes,1,New,Medium,547.3199999999999
382,39,Male,1,64.18,Two-Year,DSL,64.18,Yes,Yes,1,New,Medium,770.1600000000001
383,23,Male,2,102.13,One-Year,,204.26,No,Yes,1,New,High,1225.56
384,39,Female,14,65.29,One-Year,DSL,914.06,Yes,No,0,1-2 Years,Medium,783.48
385,37,Male,6,97.57,Month-to-Month,DSL,585.42,Yes,Yes,1,New,High,1170.84
386,46,Female,36,41.29,Month-to-Month,Fiber Optic,1486.44,Yes,Yes,1,2-4 Years,Medium,495.48
387,48,Female,0,99.55,Two-Year,,0.0,No,Yes,1,,High,1194.6
388,63,Female,9,51.32,Month-to-Month,DSL,461.88,Yes,Yes,1,New,Medium,615.84
389,54,Male,8,90.97,One-Year,DSL,727.76,Yes,Yes,1,New,High,1091.6399999999999
390,39,Female,0,80.92,Month-to-Month,,0.0,No,Yes,1,,High,971.04
391,36,Female,2,113.62,Month-to-Month,Fiber Optic,227.24,Yes,Yes,1,New,High,1363.44
392,49,Female,10,64.86,Month-to-Month,,648.6,No,Yes,1,New,Medium,778.3199999999999
393,31,Female,13,35.95,One-Year,DSL,467.35,Yes,No,0,1-2 Years,Medium,431.40000000000003
394,63,Female,10,31.72,Two-Year,Fiber Optic,317.2,Yes,Yes,1,New,Low,380.64
395,56,Male,15,104.42,Month-to-Month,DSL,1566.3,No,Yes,1,1-2 Years,High,1253.04
396,40,Female,18,77.23,Month-to-Month,DSL,1390.14,Yes,Yes,1,1-2 Years,High,926.76
397,27,Male,0,99.77,Month-to-Month,Fiber Optic,0.0,Yes,Yes,1,,High,1197.24
398,58,Male,12,51.1,One-Year,Fiber Optic,613.2,No,Yes,1,New,Medium,613.2
399,43,Male,66,61.06,Month-to-Month,,4029.96,No,Yes,1,4+ Years,Medium,732.72
400,57,Male,14,32.71,Two-Year,Fiber Optic,457.94,No,Yes,1,1-2 Years,Low,392.52
401,29,Male,22,116.53,One-Year,Fiber Optic,2563.66,Yes,Yes,1,1-2 Years,High,1398.3600000000001
402,39,Male,7,90.11,One-Year,Fiber Optic,630.77,Yes,Yes,1,New,High,1081.32
403,45,Female,29,113.99,Month-to-Month,,3305.71,No,Yes,1,2-4 Years,High,1367.8799999999999
404,45,Female,29,53.89,Two-Year,DSL,1562.81,Yes,No,0,2-4 Years,Medium,646.6800000000001
405,40,Female,14,85.03,Month-to-Month,DSL,1190.42,Yes,Yes,1,1-2 Years,High,1020.36
406,51,Male,74,91.06,Month-to-Month,Fiber Optic,6738.44,No,Yes,1,,High,1092.72
407,34,Male,2,58.58,One-Year,Fiber Optic,117.16,Yes,Yes,1,New,Medium,702.96
408,43,Female,0,106.33,One-Year,DSL,0.0,Yes,Yes,1,,High,1275.96
409,46,Male,29,115.24,Month-to-Month,,3341.96,No,Yes,1,2-4 Years,High,1382.8799999999999
410,50,Male,32,109.64,Month-to-Month,DSL,3508.48,No,Yes,1,2-4 Years,High,1315.68
411,52,Female,2,96.52,One-Year,,193.04,No,Yes,1,New,High,1158.24
412,33,Male,6,54.97,Month-to-Month,DSL,329.82,Yes,Yes,1,New,Medium,659.64
413,29,Female,0,55.35,Two-Year,Fiber Optic,0.0,Yes,Yes,1,,Medium,664.2
414,57,Female,6,116.7,One-Year,,700.2,No,Yes,1,New,High,1400.4
415,48,Male,29,30.93,Month-to-Month,DSL,896.97,Yes,Yes,1,2-4 Years,Low,371.15999999999997
416,37,Male,14,94.44,Month-to-Month,,1322.16,No,Yes,1,1-2 Years,High,1133.28
417,60,Female,8,93.56,Month-to-Month,Fiber Optic,748.48,No,Yes,1,New,High,1122.72
418,46,Male,9,86.04,One-Year,,774.36,No,Yes,1,New,High,1032.48
419,56,Male,0,119.11,One-Year,Fiber Optic,0.0,No,Yes,1,,High,1429.32
420,45,Female,7,58.07,Month-to-Month,Fiber Optic,406.49,Yes,Yes,1,New,Medium,696.84
421,65,Male,20,60.6,One-Year,DSL,1212.0,Yes,No,0,1-2 Years,Medium,727.2
422,62,Female,73,37.1,Two-Year,Fiber Optic,2708.3,Yes,No,0,,Medium,445.20000000000005
423,42,Female,37,69.85,Month-to-Month,DSL,2584.45,Yes,Yes,1,2-4 Years,Medium,838.1999999999999
424,54,Male,0,53.49,Two-Year,DSL,0.0,Yes,Yes,1,,Medium,641.88
425,51,Male,45,60.9,Month-to-Month,DSL,2740.5,No,Yes,1,2-4 Years,Medium,730.8
426,58,Male,30,105.11,Month-to-Month,Fiber Optic,3153.3,Yes,Yes,1,2-4 Years,High,1261.32
427,35,Male,30,114.19,Month-to-Month,,3425.7,No,Yes,1,2-4 Years,High,1370.28
428,51,Male,12,46.72,Month-to-Month,DSL,560.64,Yes,Yes,1,New,Medium,560.64
429,55,Female,10,63.53,Month-to-Month,DSL,635.3,Yes,Yes,1,New,Medium,762.36
430,27,Male,7,113.58,Month-to-Month,Fiber Optic,795.06,Yes,Yes,1,New,High,1362.96
431,33,Female,1,35.56,Two-Year,DSL,35.56,Yes,Yes,1,New,Medium,426.72
432,24,Female,5,38.31,Two-Year,DSL,191.55,Yes,Yes,1,New,Medium,459.72
433,42,Female,5,44.65,One-Year,DSL,223.25,No,Yes,1,New,Medium,535.8
434,52,Female,13,83.57,Month-to-Month,,1086.41,No,Yes,1,1-2 Years,High,1002.8399999999999
435,60,Male,27,43.54,Month-to-Month,,1175.58,No,Yes,1,2-4 Years,Medium,522.48
436,45,Female,12,117.13,Month-to-Month,Fiber Optic,1405.56,Yes,Yes,1,New,High,1405.56
437,61,Female,1,70.2,One-Year,Fiber Optic,70.2,No,Yes,1,New,High,842.4000000000001
438,31,Male,63,75.14,Two-Year,Fiber Optic,4733.82,Yes,No,0,4+ Years,High,901.6800000000001
439,27,Male,57,52.2,Month-to-Month,Fiber Optic,2975.4,Yes,Yes,1,4+ Years,Medium,626.4000000000001
440,44,Female,30,72.39,Month-to-Month,Fiber Optic,2171.7,Yes,Yes,1,2-4 Years,High,868.6800000000001
441,48,Male,94,89.57,One-Year,Fiber Optic,8419.58,No,Yes,1,,High,1074.84
442,44,Male,15,97.61,Month-to-Month,DSL,1464.15,Yes,Yes,1,1-2 Years,High,1171.32
443,24,Male,65,97.85,Month-to-Month,DSL,6360.25,Yes,Yes,1,4+ Years,High,1174.1999999999998
444,44,Male,1,82.01,One-Year,Fiber Optic,82.01,No,Yes,1,New,High,984.1200000000001
445,31,Female,9,111.39,One-Year,,1002.51,No,Yes,1,New,High,1336.68
446,51,Female,5,103.57,Month-to-Month,Fiber Optic,517.85,Yes,Yes,1,New,High,1242.84
447,48,Female,4,98.13,Month-to-Month,,392.52,No,Yes,1,New,High,1177.56
448,35,Male,3,35.0,Two-Year,,105.0,No,Yes,1,New,Low,420.0
449,39,Male,19,30.62,Month-to-Month,DSL,581.78,Yes,Yes,1,1-2 Years,Low,367.44
450,34,Female,30,49.12,Month-to-Month,Fiber Optic,1473.6,No,Yes,1,2-4 Years,Medium,589.4399999999999
451,44,Male,17,89.72,Month-to-Month,Fiber Optic,1525.24,Yes,Yes,1,1-2 Years,High,1076.6399999999999
452,54,Male,3,67.01,Month-to-Month,,201.03,No,Yes,1,New,Medium,804.1200000000001
453,35,Female,33,66.22,Month-to-Month,,2185.26,No,Yes,1,2-4 Years,Medium,794.64
454,50,Male,20,109.61,Two-Year,Fiber Optic,2192.2,Yes,Yes,1,1-2 Years,High,1315.32
455,39,Female,9,110.6,Month-to-Month,DSL,995.4,Yes,Yes,1,New,High,1327.1999999999998
456,37,Male,22,111.83,Month-to-Month,,2460.26,No,Yes,1,1-2 Years,High,1341.96
457,43,Male,6,58.25,One-Year,DSL,349.5,Yes,Yes,1,New,Medium,699.0
458,34,Male,8,92.2,One-Year,,737.6,No,Yes,1,New,High,1106.4
459,39,Female,49,54.45,Two-Year,,2668.05,No,Yes,1,4+ Years,Medium,653.4000000000001
460,33,Female,6,47.15,Two-Year,Fiber Optic,282.9,Yes,Yes,1,New,Medium,565.8
461,64,Female,12,46.62,Month-to-Month,Fiber Optic,559.44,No,Yes,1,New,Medium,559.4399999999999
462,45,Female,44,60.79,One-Year,Fiber Optic,2674.76,Yes,No,0,2-4 Years,Medium,729.48
463,38,Male,24,68.7,Month-to-Month,Fiber Optic,1648.8,No,Yes,1,1-2 Years,Medium,824.4000000000001
464,47,Female,1,104.79,Two-Year,Fiber Optic,104.79,Yes,Yes,1,New,High,1257.48
465,43,Male,3,40.79,Month-to-Month,,122.37,No,Yes,1,New,Medium,489.48
466,42,Female,0,96.14,Two-Year,,0.0,No,Yes,1,,High,1153.68
467,51,Male,19,77.83,One-Year,,1478.77,No,Yes,1,1-2 Years,High,933.96
468,52,Female,11,55.92,Month-to-Month,DSL,615.12,Yes,Yes,1,New,Medium,671.04
469,39,Male,2,74.35,One-Year,,148.7,No,Yes,1,New,High,892.1999999999999
470,39,Male,63,56.99,Two-Year,,3590.37,No,Yes,1,4+ Years,Medium,683.88
471,42,Female,15,83.65,Two-Year,DSL,1254.75,No,Yes,1,1-2 Years,High,1003.8000000000001
472,21,Male,5,69.05,Month-to-Month,DSL,345.25,Yes,Yes,1,New,Medium,828.5999999999999
473,29,Male,13,44.8,One-Year,DSL,582.4,No,Yes,1,1-2 Years,Medium,537.5999999999999
474,58,Male,22,40.49,Month-to-Month,,890.78,No,Yes,1,1-2 Years,Medium,485.88
475,61,Male,1,79.2,Month-to-Month,Fiber Optic,79.2,Yes,Yes,1,New,High,950.4000000000001
476,42,Female,6,111.22,Month-to-Month,,667.32,No,Yes,1,New,High,1334.6399999999999
477,50,Female,32,60.96,Month-to-Month,DSL,1950.72,Yes,Yes,1,2-4 Years,Medium,731.52
478,48,Female,12,95.97,Two-Year,,1151.64,No,Yes,1,New,High,1151.6399999999999
479,75,Female,15,89.28,Month-to-Month,DSL,1339.2,Yes,Yes,1,1-2 Years,High,1071.3600000000001
480,56,Male,11,113.84,Two-Year,Fiber Optic,1252.24,Yes,Yes,1,New,High,1366.08
481,43,Female,0,103.89,Month-to-Month,Fiber Optic,0.0,No,Yes,1,,High,1246.68
482,35,Male,3,80.99,Month-to-Month,DSL,242.97,Yes,Yes,1,New,High,971.8799999999999
483,28,Male,11,89.13,Month-to-Month,,980.43,No,Yes,1,New,High,1069.56
484,47,Female,4,110.85,Month-to-Month,DSL,443.4,Yes,Yes,1,New,High,1330.1999999999998
485,37,Male,1,65.96,Month-to-Month,Fiber Optic,65.96,Yes,Yes,1,New,Medium,791.52
486,30,Female,37,59.41,Month-to-Month,Fiber Optic,2198.17,Yes,Yes,1,2-4 Years,Medium,712.92
487,38,Male,79,30.97,One-Year,Fiber Optic,2446.63,Yes,No,0,,Low,371.64
488,34,Female,31,104.39,Month-to-Month,DSL,3236.09,Yes,Yes,1,2-4 Years,High,1252.68
489,61,Female,38,102.09,Month-to-Month,DSL,3879.42,No,Yes,1,2-4 Years,High,1225.08
490,53,Female,5,39.4,Month-to-Month,,197.0,No,Yes,1,New,Medium,472.79999999999995
491,44,Female,64,81.92,Two-Year,DSL,5242.88,No,Yes,1,4+ Years,High,983.04
492,59,Female,4,71.76,Two-Year,,287.04,No,Yes,1,New,High,861.1200000000001
493,45,Male,60,40.68,Month-to-Month,,2440.8,No,Yes,1,4+ Years,Medium,488.15999999999997
494,36,Female,105,118.25,Month-to-Month,DSL,12416.25,Yes,Yes,1,,High,1419.0
495,60,Male,24,49.32,Month-to-Month,DSL,1183.68,No,Yes,1,1-2 Years,Medium,591.84
496,50,Female,79,36.05,Two-Year,Fiber Optic,2847.95,Yes,No,0,,Medium,432.59999999999997
497,34,Female,16,83.54,Month-to-Month,,1336.64,No,Yes,1,1-2 Years,High,1002.48
498,43,Female,6,96.5,Month-to-Month,,579.0,No,Yes,1,New,High,1158.0
499,36,Male,11,32.92,Month-to-Month,Fiber Optic,362.12,Yes,Yes,1,New,Low,395.04
500,31,Male,18,89.28,Month-to-Month,,1607.04,No,Yes,1,1-2 Years,High,1071.3600000000001
501,54,Female,1,77.91,Month-to-Month,DSL,77.91,No,Yes,1,New,High,934.92
502,64,Male,19,39.29,One-Year,,746.51,No,Yes,1,1-2 Years,Medium,471.48
503,31,Male,79,45.53,Month-to-Month,,3596.87,No,Yes,1,,Medium,546.36
504,50,Male,4,81.12,One-Year,DSL,324.48,Yes,Yes,1,New,High,973.44
505,38,Female,31,56.67,Month-to-Month,DSL,1756.77,Yes,Yes,1,2-4 Years,Medium,680.04
506,40,Female,47,114.45,Month-to-Month,DSL,5379.15,Yes,Yes,1,2-4 Years,High,1373.4
507,39,Male,57,103.69,Two-Year,DSL,5910.33,Yes,Yes,1,4+ Years,High,1244.28
508,36,Male,64,118.52,Month-to-Month,,7585.28,No,Yes,1,4+ Years,High,1422.24
509,45,Male,14,53.37,Two-Year,Fiber Optic,747.18,Yes,No,0,1-2 Years,Medium,640.4399999999999
510,36,Female,75,117.28,One-Year,DSL,8796.0,No,Yes,1,,High,1407.3600000000001
511,47,Female,28,68.81,Month-to-Month,Fiber Optic,1926.68,No,Yes,1,2-4 Years,Medium,825.72
512,44,Male,3,61.28,Two-Year,,183.84,No,Yes,1,New,Medium,735.36
513,42,Male,12,34.53,Month-to-Month,Fiber Optic,414.36,Yes,Yes,1,New,Low,414.36
514,35,Male,25,34.75,Two-Year,Fiber Optic,868.75,Yes,No,0,2-4 Years,Low,417.0
515,39,Female,5,92.28,Month-to-Month,DSL,461.4,No,Yes,1,New,High,1107.3600000000001
516,52,Female,20,71.21,Two-Year,,1424.2,No,Yes,1,1-2 Years,High,854.52
517,50,Male,21,50.39,Month-to-Month,,1058.19,No,Yes,1,1-2 Years,Medium,604.6800000000001
518,35,Male,3,85.26,One-Year,DSL,255.78,No,Yes,1,New,High,1023.1200000000001
519,45,Male,16,52.76,One-Year,DSL,844.16,Yes,No,0,1-2 Years,Medium,633.12
520,52,Female,29,81.99,Two-Year,DSL,2377.71,Yes,No,0,2-4 Years,High,983.8799999999999
521,28,Male,13,62.33,Two-Year,DSL,810.29,Yes,No,0,1-2 Years,Medium,747.96
522,50,Female,0,104.12,Two-Year,Fiber Optic,0.0,No,Yes,1,,High,1249.44
523,38,Female,0,103.86,Two-Year,,0.0,No,Yes,1,,High,1246.32
524,50,Male,8,72.96,Month-to-Month,Fiber Optic,583.68,No,Yes,1,New,High,875.52
525,37,Male,52,61.57,Month-to-Month,,3201.64,No,Yes,1,4+ Years,Medium,738.84
526,26,Male,5,62.63,Month-to-Month,Fiber Optic,313.15,Yes,Yes,1,New,Medium,751.5600000000001
527,28,Female,20,102.51,Month-to-Month,,2050.2,No,Yes,1,1-2 Years,High,1230.1200000000001
528,45,Female,5,59.54,Month-to-Month,,297.7,No,Yes,1,New,Medium,714.48
529,47,Female,7,48.82,One-Year,DSL,341.74,Yes,Yes,1,New,Medium,585.84
530,35,Female,37,37.62,Month-to-Month,Fiber Optic,1391.94,No,Yes,1,2-4 Years,Medium,451.43999999999994
531,51,Male,26,72.0,One-Year,Fiber Optic,1872.0,Yes,No,0,2-4 Years,High,864.0
532,28,Female,2,73.39,Month-to-Month,DSL,146.78,Yes,Yes,1,New,High,880.6800000000001
533,44,Female,11,105.68,Month-to-Month,Fiber Optic,1162.48,Yes,Yes,1,New,High,1268.16
534,32,Male,0,49.91,One-Year,Fiber Optic,0.0,Yes,Yes,1,,Medium,598.92
535,38,Female,13,64.29,One-Year,,835.77,No,Yes,1,1-2 Years,Medium,771.48
536,45,Female,21,102.76,One-Year,Fiber Optic,2157.96,Yes,Yes,1,1-2 Years,High,1233.1200000000001
537,36,Female,2,104.13,One-Year,,208.26,No,Yes,1,New,High,1249.56
538,41,Female,6,64.61,Month-to-Month,Fiber Optic,387.66,No,Yes,1,New,Medium,775.3199999999999
539,55,Female,10,71.32,One-Year,,713.2,No,Yes,1,New,High,855.8399999999999
540,39,Female,50,57.3,Month-to-Month,Fiber Optic,2865.0,Yes,Yes,1,4+ Years,Medium,687.5999999999999
541,53,Male,99,113.93,Month-to-Month,,11279.07,No,Yes,1,,High,1367.16
542,33,Male,0,40.68,Month-to-Month,Fiber Optic,0.0,Yes,Yes,1,,Medium,488.15999999999997
543,50,Female,28,114.04,Month-to-Month,Fiber Optic,3193.12,Yes,Yes,1,2-4 Years,High,1368.48
544,59,Male,9,91.55,Month-to-Month,Fiber Optic,823.95,No,Yes,1,New,High,1098.6
545,20,Male,9,77.84,Two-Year,Fiber Optic,700.56,No,Yes,1,New,High,934.08
546,37,Male,28,32.94,Two-Year,DSL,922.32,Yes,No,0,2-4 Years,Low,395.28
547,50,Male,50,72.8,Month-to-Month,DSL,3640.0,Yes,Yes,1,4+ Years,High,873.5999999999999
548,42,Female,60,66.7,Month-to-Month,DSL,4002.0,Yes,Yes,1,4+ Years,Medium,800.4000000000001
549,48,Female,17,44.51,Month-to-Month,,756.67,No,Yes,1,1-2 Years,Medium,534.12
550,38,Male,8,89.08,Month-to-Month,DSL,712.64,Yes,Yes,1,New,High,1068.96
551,45,Male,30,117.4,Two-Year,DSL,3522.0,Yes,Yes,1,2-4 Years,High,1408.8000000000002
552,43,Male,5,80.6,Month-to-Month,,403.0,No,Yes,1,New,High,967.1999999999999
553,56,Female,16,94.33,One-Year,Fiber Optic,1509.28,Yes,No,0,1-2 Years,High,1131.96
554,47,Female,8,36.16,Month-to-Month,Fiber Optic,289.28,Yes,Yes,1,New,Medium,433.91999999999996
555,48,Male,21,67.59,Two-Year,DSL,1419.39,Yes,No,0,1-2 Years,Medium,811.08
556,40,Female,5,40.47,Month-to-Month,,202.35,No,Yes,1,New,Medium,485.64
557,40,Female,4,85.15,One-Year,,340.6,No,Yes,1,New,High,1021.8000000000001
558,40,Female,50,114.46,Month-to-Month,,5723.0,No,Yes,1,4+ Years,High,1373.52
559,48,Female,2,89.56,One-Year,Fiber Optic,179.12,Yes,Yes,1,New,High,1074.72
560,40,Male,14,36.91,Month-to-Month,,516.74,No,Yes,1,1-2 Years,Medium,442.91999999999996
561,47,Female,4,61.92,Month-to-Month,DSL,247.68,Yes,Yes,1,New,Medium,743.04
562,65,Male,0,79.56,Two-Year,DSL,0.0,Yes,Yes,1,,High,954.72
563,53,Female,0,66.29,Two-Year,DSL,0.0,No,Yes,1,,Medium,795.48
564,41,Female,3,105.03,Two-Year,Fiber Optic,315.09,Yes,Yes,1,New,High,1260.3600000000001
565,57,Female,40,103.32,One-Year,Fiber Optic,4132.8,Yes,Yes,1,2-4 Years,High,1239.84
566,40,Female,6,85.06,Two-Year,Fiber Optic,510.36,No,Yes,1,New,High,1020.72
567,24,Male,60,63.61,Month-to-Month,DSL,3816.6,No,Yes,1,4+ Years,Medium,763.3199999999999
568,34,Female,17,52.98,Month-to-Month,Fiber Optic,900.66,Yes,Yes,1,1-2 Years,Medium,635.76
569,26,Female,11,39.53,Month-to-Month,,434.83,No,Yes,1,New,Medium,474.36
570,41,Female,17,61.94,One-Year,Fiber Optic,1052.98,Yes,No,0,1-2 Years,Medium,743.28
571,45,Male,14,67.19,Month-to-Month,,940.66,No,Yes,1,1-2 Years,Medium,806.28
572,61,Male,28,90.82,Month-to-Month,DSL,2542.96,Yes,Yes,1,2-4 Years,High,1089.84
573,48,Male,6,89.23,One-Year,,535.38,No,Yes,1,New,High,1070.76
574,42,Female,8,36.31,Two-Year,Fiber Optic,290.48,No,Yes,1,New,Medium,435.72
575,53,Female,44,65.57,Month-to-Month,DSL,2885.08,Yes,Yes,1,2-4 Years,Medium,786.8399999999999
576,22,Male,58,46.36,Month-to-Month,DSL,2688.88,Yes,Yes,1,4+ Years,Medium,556.3199999999999
577,47,Female,44,44.11,Month-to-Month,Fiber Optic,1940.84,Yes,Yes,1,2-4 Years,Medium,529.3199999999999
578,52,Female,10,104.46,Month-to-Month,,1044.6,No,Yes,1,New,High,1253.52
579,30,Female,30,33.77,Month-to-Month,Fiber Optic,1013.1,No,Yes,1,2-4 Years,Low,405.24
580,56,Female,12,67.73,One-Year,DSL,812.76,Yes,No,0,New,Medium,812.76
581,48,Female,13,45.14,One-Year,,586.82,No,Yes,1,1-2 Years,Medium,541.6800000000001
582,40,Female,4,109.14,One-Year,Fiber Optic,436.56,Yes,Yes,1,New,High,1309.68
583,51,Male,17,80.13,Month-to-Month,Fiber Optic,1362.21,No,Yes,1,1-2 Years,High,961.56
584,67,Female,4,50.82,Two-Year,Fiber Optic,203.28,Yes,Yes,1,New,Medium,609.84
585,46,Female,8,75.22,Month-to-Month,DSL,601.76,No,Yes,1,New,High,902.64
586,47,Female,38,95.83,Month-to-Month,Fiber Optic,3641.54,Yes,Yes,1,2-4 Years,High,1149.96
587,40,Female,4,116.23,Two-Year,Fiber Optic,464.92,Yes,Yes,1,New,High,1394.76
588,36,Female,1,49.84,Month-to-Month,,49.84,No,Yes,1,New,Medium,598.08
589,53,Male,1,109.76,Month-to-Month,Fiber Optic,109.76,No,Yes,1,New,High,1317.1200000000001
590,36,Male,56,114.09,Two-Year,Fiber Optic,6389.04,No,Yes,1,4+ Years,High,1369.08
591,45,Male,14,112.48,Month-to-Month,Fiber Optic,1574.72,Yes,Yes,1,1-2 Years,High,1349.76
592,40,Male,10,87.19,One-Year,,871.9,No,Yes,1,New,High,1046.28
593,49,Female,33,86.68,Month-to-Month,,2860.44,No,Yes,1,2-4 Years,High,1040.16
594,48,Female,36,66.29,One-Year,Fiber Optic,2386.44,Yes,No,0,2-4 Years,Medium,795.48
595,55,Male,8,97.72,Month-to-Month,,781.76,No,Yes,1,New,High,1172.6399999999999
596,39,Male,23,77.82,Month-to-Month,Fiber Optic,1789.86,No,Yes,1,1-2 Years,High,933.8399999999999
597,42,Female,29,90.97,One-Year,Fiber Optic,2638.13,No,Yes,1,2-4 Years,High,1091.6399999999999
598,35,Male,21,68.56,Month-to-Month,DSL,1439.76,Yes,Yes,1,1-2 Years,Medium,822.72
599,40,Female,3,95.83,Month-to-Month,Fiber Optic,287.49,Yes,Yes,1,New,High,1149.96
600,48,Female,41,104.2,Month-to-Month,DSL,4272.2,No,Yes,1,2-4 Years,High,1250.4
601,52,Female,15,43.18,Month-to-Month,,647.7,No,Yes,1,1-2 Years,Medium,518.16
602,35,Male,6,104.96,Month-to-Month,Fiber Optic,629.76,Yes,Yes,1,New,High,1259.52
603,53,Male,11,78.63,Month-to-Month,,864.93,No,Yes,1,New,High,943.56
604,58,Female,0,106.02,Two-Year,Fiber Optic,0.0,Yes,Yes,1,,High,1272.24
605,49,Female,2,68.82,Month-to-Month,Fiber Optic,137.64,Yes,Yes,1,New,Medium,825.8399999999999
606,63,Male,29,64.11,Month-to-Month,Fiber Optic,1859.19,Yes,Yes,1,2-4 Years,Medium,769.3199999999999
607,37,Female,0,112.36,Month-to-Month,DSL,0.0,Yes,Yes,1,,High,1348.32
608,32,Male,10,52.61,Month-to-Month,Fiber Optic,526.1,Yes,Yes,1,New,Medium,631.3199999999999
609,27,Female,14,105.98,Two-Year,DSL,1483.72,Yes,Yes,1,1-2 Years,High,1271.76
610,59,Male,1,73.56,Month-to-Month,Fiber Optic,73.56,Yes,Yes,1,New,High,882.72
611,51,Female,72,76.27,Two-Year,Fiber Optic,5491.44,Yes,No,0,4+ Years,High,915.24
612,44,Male,5,57.76,Month-to-Month,,288.8,No,Yes,1,New,Medium,693.12
613,47,Male,7,81.57,One-Year,DSL,570.99,No,Yes,1,New,High,978.8399999999999
614,33,Male,7,59.27,One-Year,DSL,414.89,Yes,Yes,1,New,Medium,711.24
615,69,Male,5,33.53,Two-Year,Fiber Optic,167.65,Yes,Yes,1,New,Low,402.36
616,46,Female,0,54.48,One-Year,,0.0,No,Yes,1,,Medium,653.76
617,46,Female,26,30.57,One-Year,,794.82,No,Yes,1,2-4 Years,Low,366.84000000000003
618,52,Male,68,118.05,Month-to-Month,Fiber Optic,8027.4,Yes,Yes,1,4+ Years,High,1416.6
619,49,Male,5,116.92,Month-to-Month,Fiber Optic,584.6,Yes,Yes,1,New,High,1403.04
620,47,Female,21,65.56,Two-Year,DSL,1376.76,Yes,No,0,1-2 Years,Medium,786.72
621,37,Female,27,95.55,Month-to-Month,,2579.85,No,Yes,1,2-4 Years,High,1146.6
622,49,Female,37,61.12,Month-to-Month,Fiber Optic,2261.44,No,Yes,1,2-4 Years,Medium,733.4399999999999
623,63,Male,10,90.4,One-Year,DSL,904.0,Yes,Yes,1,New,High,1084.8000000000002
624,58,Male,7,102.49,Month-to-Month,Fiber Optic,717.43,Yes,Yes,1,New,High,1229.8799999999999
625,60,Female,7,115.21,Two-Year,DSL,806.47,No,Yes,1,New,High,1382.52
626,39,Male,24,66.02,One-Year,,1584.48,No,Yes,1,1-2 Years,Medium,792.24
627,35,Female,33,100.5,One-Year,DSL,3316.5,Yes,Yes,1,2-4 Years,High,1206.0
628,43,Male,4,53.93,Two-Year,Fiber Optic,215.72,Yes,Yes,1,New,Medium,647.16
629,45,Female,9,119.13,Month-to-Month,DSL,1072.17,Yes,Yes,1,New,High,1429.56
630,55,Male,46,32.32,Month-to-Month,,1486.72,No,Yes,1,2-4 Years,Low,387.84000000000003
631,28,Female,32,84.32,Month-to-Month,,2698.24,No,Yes,1,2-4 Years,High,1011.8399999999999
632,60,Female,83,89.36,Month-to-Month,Fiber Optic,7416.88,Yes,Yes,1,,High,1072.32
633,43,Female,28,91.92,One-Year,Fiber Optic,2573.76,Yes,No,0,2-4 Years,High,1103.04
634,40,Male,9,40.83,Two-Year,,367.47,No,Yes,1,New,Medium,489.96
635,34,Female,17,114.47,Month-to-Month,DSL,1945.99,Yes,Yes,1,1-2 Years,High,1373.6399999999999
636,28,Female,21,46.31,Month-to-Month,Fiber Optic,972.51,Yes,Yes,1,1-2 Years,Medium,555.72
637,53,Female,1,86.05,Two-Year,DSL,86.05,Yes,Yes,1,New,High,1032.6
638,45,Female,15,50.04,Month-to-Month,,750.6,No,Yes,1,1-2 Years,Medium,600.48
639,32,Female,24,57.65,Month-to-Month,Fiber Optic,1383.6,No,Yes,1,1-2 Years,Medium,691.8
640,32,Female,3,79.18,Month-to-Month,,237.54,No,Yes,1,New,High,950.1600000000001
641,41,Male,30,67.55,Two-Year,Fiber Optic,2026.5,Yes,No,0,2-4 Years,Medium,810.5999999999999
642,61,Female,17,44.42,One-Year,DSL,755.14,No,Yes,1,1-2 Years,Medium,533.04
643,42,Female,60,45.38,One-Year,DSL,2722.8,Yes,No,0,4+ Years,Medium,544.5600000000001
644,29,Male,0,67.63,Two-Year,DSL,0.0,Yes,Yes,1,,Medium,811.56
645,42,Male,6,98.16,Month-to-Month,Fiber Optic,588.96,No,Yes,1,New,High,1177.92
646,42,Male,18,110.82,Month-to-Month,DSL,1994.76,No,Yes,1,1-2 Years,High,1329.84
647,18,Female,7,37.57,Two-Year,DSL,262.99,Yes,Yes,1,New,Medium,450.84000000000003
648,44,Female,25,65.38,Month-to-Month,,1634.5,No,Yes,1,2-4 Years,Medium,784.56
649,42,Female,28,39.02,One-Year,,1092.56,No,Yes,1,2-4 Years,Medium,468.24
650,51,Female,2,31.49,Two-Year,Fiber Optic,62.98,No,Yes,1,New,Low,377.88
651,63,Male,14,89.55,One-Year,Fiber Optic,1253.7,Yes,No,0,1-2 Years,High,1074.6
652,56,Male,14,84.22,One-Year,DSL,1179.08,Yes,No,0,1-2 Years,High,1010.64
653,42,Male,9,44.67,Two-Year,Fiber Optic,402.03,No,Yes,1,New,Medium,536.04
654,33,Male,54,51.04,Two-Year,,2756.16,No,Yes,1,4+ Years,Medium,612.48
655,70,Male,35,32.13,Month-to-Month,DSL,1124.55,No,Yes,1,2-4 Years,Low,385.56000000000006
656,45,Male,23,105.15,Month-to-Month,DSL,2418.45,Yes,Yes,1,1-2 Years,High,1261.8000000000002
657,45,Female,25,117.72,Month-to-Month,,2943.0,No,Yes,1,2-4 Years,High,1412.6399999999999
658,44,Female,12,42.19,One-Year,Fiber Optic,506.28,Yes,No,0,New,Medium,506.28
659,46,Female,50,50.83,Month-to-Month,DSL,2541.5,No,Yes,1,4+ Years,Medium,609.96
660,43,Female,23,108.16,One-Year,Fiber Optic,2487.68,Yes,Yes,1,1-2 Years,High,1297.92
661,39,Female,26,113.38,Month-to-Month,Fiber Optic,2947.88,Yes,Yes,1,2-4 Years,High,1360.56
662,39,Male,39,67.77,One-Year,Fiber Optic,2643.03,Yes,No,0,2-4 Years,Medium,813.24
663,44,Female,6,34.56,Month-to-Month,,207.36,No,Yes,1,New,Low,414.72
664,39,Female,32,33.55,One-Year,,1073.6,No,Yes,1,2-4 Years,Low,402.59999999999997
665,37,Male,4,81.66,One-Year,Fiber Optic,326.64,Yes,Yes,1,New,High,979.92
666,46,Male,8,65.36,Month-to-Month,,522.88,No,Yes,1,New,Medium,784.3199999999999
667,42,Female,8,32.58,Month-to-Month,Fiber Optic,260.64,No,Yes,1,New,Low,390.96
668,60,Male,76,82.49,One-Year,,6269.24,No,Yes,1,,High,989.8799999999999
669,18,Female,38,31.02,Month-to-Month,Fiber Optic,1178.76,Yes,Yes,1,2-4 Years,Low,372.24
670,55,Female,24,100.86,Month-to-Month,,2420.64,No,Yes,1,1-2 Years,High,1210.32
671,57,Male,25,57.58,Two-Year,,1439.5,No,Yes,1,2-4 Years,Medium,690.96
672,24,Male,16,33.62,One-Year,DSL,537.92,Yes,No,0,1-2 Years,Low,403.43999999999994
673,41,Male,58,82.95,Two-Year,,4811.1,No,Yes,1,4+ Years,High,995.4000000000001
674,41,Male,13,65.79,Month-to-Month,,855.27,No,Yes,1,1-2 Years,Medium,789.48
675,30,Male,9,117.64,Month-to-Month,,1058.76,No,Yes,1,New,High,1411.68
676,37,Female,3,78.98,Two-Year,DSL,236.94,Yes,Yes,1,New,High,947.76
677,33,Male,30,54.77,One-Year,,1643.1,No,Yes,1,2-4 Years,Medium,657.24
678,62,Female,26,93.85,One-Year,,2440.1,No,Yes,1,2-4 Years,High,1126.1999999999998
679,54,Male,9,54.43,Month-to-Month,DSL,489.87,Yes,Yes,1,New,Medium,653.16
680,57,Female,0,111.38,Month-to-Month,,0.0,No,Yes,1,,High,1336.56
681,52,Male,36,63.72,Month-to-Month,DSL,2293.92,No,Yes,1,2-4 Years,Medium,764.64
682,33,Male,0,79.49,Month-to-Month,DSL,0.0,No,Yes,1,,High,953.8799999999999
683,39,Female,24,34.55,Month-to-Month,Fiber Optic,829.2,No,Yes,1,1-2 Years,Low,414.59999999999997
684,49,Female,70,68.35,Month-to-Month,Fiber Optic,4784.5,Yes,Yes,1,4+ Years,Medium,820.1999999999999
685,32,Male,11,104.91,Two-Year,Fiber Optic,1154.01,Yes,Yes,1,New,High,1258.92
686,52,Female,5,102.51,Month-to-Month,DSL,512.55,Yes,Yes,1,New,High,1230.1200000000001
687,42,Male,24,50.19,One-Year,,1204.56,No,Yes,1,1-2 Years,Medium,602.28
688,41,Female,33,50.35,Two-Year,DSL,1661.55,No,Yes,1,2-4 Years,Medium,604.2
689,52,Male,15,103.56,One-Year,DSL,1553.4,No,Yes,1,1-2 Years,High,1242.72
690,49,Male,68,113.74,Month-to-Month,DSL,7734.32,Yes,Yes,1,4+ Years,High,1364.8799999999999
691,41,Female,1,38.58,One-Year,Fiber Optic,38.58,Yes,Yes,1,New,Medium,462.96
692,56,Female,14,70.51,One-Year,,987.14,No,Yes,1,1-2 Years,High,846.1200000000001
693,34,Male,25,60.37,One-Year,Fiber Optic,1509.25,Yes,No,0,2-4 Years,Medium,724.4399999999999
694,51,Female,39,108.36,One-Year,,4226.04,No,Yes,1,2-4 Years,High,1300.32
695,50,Female,3,37.52,Two-Year,DSL,112.56,No,Yes,1,New,Medium,450.24
696,41,Male,32,49.0,One-Year,Fiber Optic,1568.0,Yes,No,0,2-4 Years,Medium,588.0
697,48,Female,16,97.72,Month-to-Month,Fiber Optic,1563.52,Yes,Yes,1,1-2 Years,High,1172.6399999999999
698,32,Male,10,34.62,One-Year,Fiber Optic,346.2,Yes,Yes,1,New,Low,415.43999999999994
699,54,Female,2,74.33,Month-to-Month,DSL,148.66,No,Yes,1,New,High,891.96
700,43,Female,40,69.79,Two-Year,Fiber Optic,2791.6,Yes,No,0,2-4 Years,Medium,837.48
701,39,Female,3,60.1,Month-to-Month,Fiber Optic,180.3,Yes,Yes,1,New,Medium,721.2
702,55,Male,7,65.51,Month-to-Month,,458.57,No,Yes,1,New,Medium,786.1200000000001
703,37,Male,6,77.69,Two-Year,Fiber Optic,466.14,Yes,Yes,1,New,High,932.28
704,30,Male,41,44.52,One-Year,DSL,1825.32,Yes,No,0,2-4 Years,Medium,534.24
705,29,Male,22,81.48,Month-to-Month,Fiber Optic,1792.56,Yes,Yes,1,1-2 Years,High,977.76
706,51,Male,31,102.49,Month-to-Month,DSL,3177.19,Yes,Yes,1,2-4 Years,High,1229.8799999999999
707,32,Female,5,98.41,Two-Year,,492.05,No,Yes,1,New,High,1180.92
708,62,Male,19,43.85,Month-to-Month,Fiber Optic,833.15,No,Yes,1,1-2 Years,Medium,526.2
709,24,Male,16,43.43,Two-Year,DSL,694.88,Yes,No,0,1-2 Years,Medium,521.16
710,61,Female,35,54.14,Month-to-Month,,1894.9,No,Yes,1,2-4 Years,Medium,649.6800000000001
711,47,Male,47,62.5,One-Year,Fiber Optic,2937.5,Yes,No,0,2-4 Years,Medium,750.0
712,44,Female,0,66.76,Two-Year,DSL,0.0,Yes,Yes,1,,Medium,801.1200000000001
713,39,Male,22,91.17,Month-to-Month,Fiber Optic,2005.74,Yes,Yes,1,1-2 Years,High,1094.04
714,48,Female,1,35.1,Month-to-Month,DSL,35.1,Yes,Yes,1,New,Medium,421.20000000000005
715,44,Male,15,33.12,Month-to-Month,,496.8,No,Yes,1,1-2 Years,Low,397.43999999999994
716,56,Male,6,65.27,One-Year,,391.62,No,Yes,1,New,Medium,783.24
717,46,Female,7,92.74,One-Year,,649.18,No,Yes,1,New,High,1112.8799999999999
718,46,Male,8,47.41,One-Year,Fiber Optic,379.28,Yes,Yes,1,New,Medium,568.92
719,41,Female,19,87.74,Month-to-Month,Fiber Optic,1667.06,Yes,Yes,1,1-2 Years,High,1052.8799999999999
720,44,Male,8,53.38,Month-to-Month,,427.04,No,Yes,1,New,Medium,640.5600000000001
721,48,Male,26,109.75,Month-to-Month,DSL,2853.5,Yes,Yes,1,2-4 Years,High,1317.0
722,27,Female,10,110.61,Month-to-Month,Fiber Optic,1106.1,Yes,Yes,1,New,High,1327.32
723,31,Male,1,56.76,One-Year,Fiber Optic,56.76,Yes,Yes,1,New,Medium,681.12
724,52,Female,30,50.7,Two-Year,DSL,1521.0,No,Yes,1,2-4 Years,Medium,608.4000000000001
725,46,Female,6,67.02,One-Year,Fiber Optic,402.12,Yes,Yes,1,New,Medium,804.24
726,43,Female,11,51.65,Month-to-Month,,568.15,No,Yes,1,New,Medium,619.8
727,45,Female,23,90.51,Two-Year,,2081.73,No,Yes,1,1-2 Years,High,1086.1200000000001
728,48,Male,8,104.35,One-Year,DSL,834.8,No,Yes,1,New,High,1252.1999999999998
729,39,Male,1,90.58,Two-Year,DSL,90.58,Yes,Yes,1,New,High,1086.96
730,37,Male,9,104.19,One-Year,DSL,937.71,Yes,Yes,1,New,High,1250.28
731,46,Female,57,65.73,Month-to-Month,,3746.61,No,Yes,1,4+ Years,Medium,788.76
732,35,Female,20,44.07,Month-to-Month,DSL,881.4,No,Yes,1,1-2 Years,Medium,528.84
733,49,Male,22,96.42,One-Year,,2121.24,No,Yes,1,1-2 Years,High,1157.04
734,27,Female,20,62.44,Month-to-Month,DSL,1248.8,Yes,Yes,1,1-2 Years,Medium,749.28
735,55,Male,4,90.41,Month-to-Month,Fiber Optic,361.64,Yes,Yes,1,New,High,1084.92
736,49,Female,10,54.36,One-Year,Fiber Optic,543.6,Yes,Yes,1,New,Medium,652.3199999999999
737,47,Male,27,37.31,One-Year,,1007.37,No,Yes,1,2-4 Years,Medium,447.72
738,54,Female,2,119.33,One-Year,DSL,238.66,Yes,Yes,1,New,High,1431.96
739,61,Female,6,44.06,Month-to-Month,Fiber Optic,264.36,Yes,Yes,1,New,Medium,528.72
740,55,Male,6,118.96,Month-to-Month,DSL,713.76,No,Yes,1,New,High,1427.52
741,26,Male,11,117.96,One-Year,,1297.56,No,Yes,1,New,High,1415.52
742,32,Male,78,101.44,Two-Year,,7912.32,No,Yes,1,,High,1217.28
743,38,Male,1,89.35,One-Year,DSL,89.35,Yes,Yes,1,New,High,1072.1999999999998
744,45,Male,14,82.0,Two-Year,,1148.0,No,Yes,1,1-2 Years,High,984.0
745,50,Female,3,107.95,One-Year,Fiber Optic,323.85,No,Yes,1,New,High,1295.4
746,37,Female,70,56.05,One-Year,DSL,3923.5,Yes,No,0,4+ Years,Medium,672.5999999999999
747,46,Female,2,72.09,Month-to-Month,Fiber Optic,144.18,Yes,Yes,1,New,High,865.08
748,37,Male,10,85.75,One-Year,DSL,857.5,Yes,Yes,1,New,High,1029.0
749,38,Female,26,67.01,One-Year,,1742.26,No,Yes,1,2-4 Years,Medium,804.1200000000001
750,30,Female,24,68.47,One-Year,,1643.28,No,Yes,1,1-2 Years,Medium,821.64
751,35,Male,10,59.73,Month-to-Month,DSL,597.3,No,Yes,1,New,Medium,716.76
752,31,Female,8,80.78,One-Year,Fiber Optic,646.24,Yes,Yes,1,New,High,969.36
753,35,Female,10,106.55,Month-to-Month,,1065.5,No,Yes,1,New,High,1278.6
754,55,Male,6,48.14,One-Year,,288.84,No,Yes,1,New,Medium,577.6800000000001
755,35,Male,4,114.1,Month-to-Month,Fiber Optic,456.4,No,Yes,1,New,High,1369.1999999999998
756,71,Female,13,92.02,Two-Year,,1196.26,No,Yes,1,1-2 Years,High,1104.24
757,49,Male,6,104.09,Month-to-Month,Fiber Optic,624.54,No,Yes,1,New,High,1249.08
758,46,Female,6,80.06,Month-to-Month,Fiber Optic,480.36,Yes,Yes,1,New,High,960.72
759,36,Female,21,100.16,Month-to-Month,,2103.36,No,Yes,1,1-2 Years,High,1201.92
760,52,Female,69,31.46,One-Year,Fiber Optic,2170.74,Yes,No,0,4+ Years,Low,377.52
761,39,Male,18,103.65,Month-to-Month,Fiber Optic,1865.7,No,Yes,1,1-2 Years,High,1243.8000000000002
762,46,Male,1,33.61,Month-to-Month,Fiber Optic,33.61,Yes,Yes,1,New,Low,403.32
763,70,Female,1,110.09,One-Year,,110.09,No,Yes,1,New,High,1321.08
764,44,Female,60,119.28,Month-to-Month,,7156.8,No,Yes,1,4+ Years,High,1431.3600000000001
765,56,Male,7,56.47,Two-Year,Fiber Optic,395.29,No,Yes,1,New,Medium,677.64
766,37,Female,1,48.93,Two-Year,Fiber Optic,48.93,Yes,Yes,1,New,Medium,587.16
767,44,Female,18,98.88,One-Year,Fiber Optic,1779.84,Yes,No,0,1-2 Years,High,1186.56
768,62,Male,19,52.77,Month-to-Month,Fiber Optic,1002.63,No,Yes,1,1-2 Years,Medium,633.24
769,38,Male,20,107.9,One-Year,DSL,2158.0,Yes,Yes,1,1-2 Years,High,1294.8000000000002
770,63,Female,6,39.26,Month-to-Month,,235.56,No,Yes,1,New,Medium,471.12
771,52,Male,0,41.34,Month-to-Month,Fiber Optic,0.0,Yes,Yes,1,,Medium,496.08000000000004
772,39,Male,67,118.12,Month-to-Month,Fiber Optic,7914.04,Yes,Yes,1,4+ Years,High,1417.44
773,51,Male,5,90.65,Two-Year,DSL,453.25,Yes,Yes,1,New,High,1087.8000000000002
774,54,Male,22,106.22,Month-to-Month,DSL,2336.84,Yes,Yes,1,1-2 Years,High,1274.6399999999999
775,51,Female,24,59.19,One-Year,,1420.56,No,Yes,1,1-2 Years,Medium,710.28
776,29,Female,18,90.88,One-Year,Fiber Optic,1635.84,Yes,No,0,1-2 Years,High,1090.56
777,37,Male,7,83.48,Month-to-Month,DSL,584.36,Yes,Yes,1,New,High,1001.76
778,42,Female,6,84.28,Month-to-Month,Fiber Optic,505.68,Yes,Yes,1,New,High,1011.36
779,44,Female,18,91.43,Two-Year,Fiber Optic,1645.74,Yes,No,0,1-2 Years,High,1097.16
780,51,Female,40,81.78,One-Year,DSL,3271.2,Yes,No,0,2-4 Years,High,981.36
781,46,Male,58,68.62,One-Year,Fiber Optic,3979.96,Yes,No,0,4+ Years,Medium,823.44
782,31,Male,2,54.83,Month-to-Month,Fiber Optic,109.66,Yes,Yes,1,New,Medium,657.96
783,48,Female,3,99.17,Month-to-Month,Fiber Optic,297.51,Yes,Yes,1,New,High,1190.04
784,51,Female,57,50.36,Month-to-Month,Fiber Optic,2870.52,No,Yes,1,4+ Years,Medium,604.3199999999999
785,50,Male,26,92.31,Month-to-Month,Fiber Optic,2400.06,Yes,Yes,1,2-4 Years,High,1107.72
786,55,Male,42,51.0,Month-to-Month,,2142.0,No,Yes,1,2-4 Years,Medium,612.0
787,53,Male,4,86.28,Two-Year,Fiber Optic,345.12,Yes,Yes,1,New,High,1035.3600000000001
788,49,Female,17,97.24,Month-to-Month,DSL,1653.08,Yes,Yes,1,1-2 Years,High,1166.8799999999999
789,44,Female,24,49.68,Month-to-Month,DSL,1192.32,Yes,Yes,1,1-2 Years,Medium,596.16
790,28,Female,22,35.39,One-Year,Fiber Optic,778.58,Yes,No,0,1-2 Years,Medium,424.68
791,49,Male,10,41.79,One-Year,,417.9,No,Yes,1,New,Medium,501.48
792,47,Female,0,84.54,Month-to-Month,DSL,0.0,Yes,Yes,1,,High,1014.48
793,47,Female,17,106.45,One-Year,,1809.65,No,Yes,1,1-2 Years,High,1277.4
794,32,Male,5,34.05,Month-to-Month,DSL,170.25,Yes,Yes,1,New,Low,408.59999999999997
795,34,Female,11,96.07,Month-to-Month,Fiber Optic,1056.77,Yes,Yes,1,New,High,1152.84
796,55,Female,63,60.72,Month-to-Month,,3825.36,No,Yes,1,4+ Years,Medium,728.64
797,44,Male,10,73.07,Two-Year,Fiber Optic,730.7,Yes,Yes,1,New,High,876.8399999999999
798,51,Female,36,113.6,Month-to-Month,Fiber Optic,4089.6,Yes,Yes,1,2-4 Years,High,1363.1999999999998
799,45,Male,4,59.88,Month-to-Month,DSL,239.52,Yes,Yes,1,New,Medium,718.5600000000001
800,45,Female,22,71.88,Month-to-Month,,1581.36,No,Yes,1,1-2 Years,High,862.56
801,54,Female,75,31.23,Two-Year,DSL,2342.25,No,Yes,1,,Low,374.76
802,39,Female,2,37.34,Month-to-Month,,74.68,No,Yes,1,New,Medium,448.08000000000004
803,45,Female,0,53.27,Month-to-Month,DSL,0.0,Yes,Yes,1,,Medium,639.24
804,40,Male,11,32.51,Month-to-Month,,357.61,No,Yes,1,New,Low,390.12
805,40,Female,1,86.82,Month-to-Month,Fiber Optic,86.82,Yes,Yes,1,New,High,1041.84
806,41,Female,27,68.38,One-Year,,1846.26,No,Yes,1,2-4 Years,Medium,820.56
807,47,Male,49,79.33,One-Year,Fiber Optic,3887.17,No,Yes,1,4+ Years,High,951.96
808,40,Female,11,45.72,Month-to-Month,,502.92,No,Yes,1,New,Medium,548.64
809,57,Female,5,56.63,Month-to-Month,DSL,283.15,Yes,Yes,1,New,Medium,679.5600000000001
810,36,Male,11,89.74,Month-to-Month,DSL,987.14,Yes,Yes,1,New,High,1076.8799999999999
811,43,Female,25,116.88,Month-to-Month,Fiber Optic,2922.0,Yes,Yes,1,2-4 Years,High,1402.56
812,40,Female,0,34.54,Month-to-Month,DSL,0.0,Yes,Yes,1,,Low,414.48
813,59,Male,17,110.13,One-Year,DSL,1872.21,No,Yes,1,1-2 Years,High,1321.56
814,46,Female,19,81.92,Two-Year,,1556.48,No,Yes,1,1-2 Years,High,983.04
815,55,Male,20,80.75,Two-Year,,1615.0,No,Yes,1,1-2 Years,High,969.0
816,30,Male,5,75.03,Two-Year,Fiber Optic,375.15,No,Yes,1,New,High,900.36
817,47,Male,25,36.25,One-Year,,906.25,No,Yes,1,2-4 Years,Medium,435.0
818,53,Female,1,38.09,One-Year,Fiber Optic,38.09,Yes,Yes,1,New,Medium,457.08000000000004
819,45,Female,4,84.08,Month-to-Month,DSL,336.32,Yes,Yes,1,New,High,1008.96
820,55,Male,41,60.69,One-Year,,2488.29,No,Yes,1,2-4 Years,Medium,728.28
821,39,Male,26,112.55,Month-to-Month,Fiber Optic,2926.3,No,Yes,1,2-4 Years,High,1350.6
822,59,Female,0,66.59,Month-to-Month,,0.0,No,Yes,1,,Medium,799.08
823,67,Male,5,42.9,One-Year,DSL,214.5,Yes,Yes,1,New,Medium,514.8
824,41,Female,4,94.32,Month-to-Month,Fiber Optic,377.28,Yes,Yes,1,New,High,1131.84
825,40,Female,6,56.4,Month-to-Month,DSL,338.4,No,Yes,1,New,Medium,676.8
826,59,Female,5,77.29,Two-Year,DSL,386.45,Yes,Yes,1,New,High,927.48
827,60,Female,1,92.8,Month-to-Month,DSL,92.8,Yes,Yes,1,New,High,1113.6
828,39,Male,12,111.02,Month-to-Month,,1332.24,No,Yes,1,New,High,1332.24
829,40,Female,26,101.3,Two-Year,,2633.8,No,Yes,1,2-4 Years,High,1215.6
830,42,Female,18,90.87,One-Year,,1635.66,No,Yes,1,1-2 Years,High,1090.44
831,31,Female,22,91.17,One-Year,Fiber Optic,2005.74,Yes,No,0,1-2 Years,High,1094.04
832,35,Male,1,115.13,Month-to-Month,Fiber Optic,115.13,Yes,Yes,1,New,High,1381.56
833,34,Female,60,56.62,Month-to-Month,DSL,3397.2,Yes,Yes,1,4+ Years,Medium,679.4399999999999
834,37,Male,36,30.1,Two-Year,DSL,1083.6,No,Yes,1,2-4 Years,Low,361.20000000000005
835,44,Male,32,54.48,One-Year,Fiber Optic,1743.36,Yes,No,0,2-4 Years,Medium,653.76
836,47,Male,34,49.61,One-Year,,1686.74,No,Yes,1,2-4 Years,Medium,595.3199999999999
837,60,Female,53,89.57,Month-to-Month,Fiber Optic,4747.21,Yes,Yes,1,4+ Years,High,1074.84
838,35,Female,15,87.03,Month-to-Month,DSL,1305.45,Yes,Yes,1,1-2 Years,High,1044.3600000000001
839,54,Female,4,83.41,Two-Year,DSL,333.64,Yes,Yes,1,New,High,1000.92
840,42,Female,19,31.46,Month-to-Month,DSL,597.74,No,Yes,1,1-2 Years,Low,377.52
841,44,Male,27,95.59,One-Year,Fiber Optic,2580.93,No,Yes,1,2-4 Years,High,1147.08
842,51,Female,26,59.12,Month-to-Month,,1537.12,No,Yes,1,2-4 Years,Medium,709.4399999999999
843,33,Male,14,89.86,One-Year,Fiber Optic,1258.04,Yes,No,0,1-2 Years,High,1078.32
844,48,Female,1,80.09,Two-Year,,80.09,No,Yes,1,New,High,961.08
845,46,Female,9,60.85,One-Year,Fiber Optic,547.65,No,Yes,1,New,Medium,730.2
846,49,Female,50,42.11,Month-to-Month,Fiber Optic,2105.5,Yes,Yes,1,4+ Years,Medium,505.32
847,47,Female,17,38.5,One-Year,DSL,654.5,No,Yes,1,1-2 Years,Medium,462.0
848,69,Male,15,104.84,One-Year,,1572.6,No,Yes,1,1-2 Years,High,1258.08
849,38,Male,6,112.66,Month-to-Month,,675.96,No,Yes,1,New,High,1351.92
850,39,Female,9,88.48,Two-Year,DSL,796.32,No,Yes,1,New,High,1061.76
851,38,Male,45,39.31,One-Year,Fiber Optic,1768.95,No,Yes,1,2-4 Years,Medium,471.72
852,39,Male,21,66.18,Two-Year,Fiber Optic,1389.78,Yes,No,0,1-2 Years,Medium,794.1600000000001
853,38,Female,30,95.6,One-Year,Fiber Optic,2868.0,Yes,No,0,2-4 Years,High,1147.1999999999998
854,56,Female,12,100.18,Month-to-Month,,1202.16,No,Yes,1,New,High,1202.16
855,59,Male,19,40.64,Month-to-Month,Fiber Optic,772.16,No,Yes,1,1-2 Years,Medium,487.68
856,39,Male,5,30.0,Month-to-Month,Fiber Optic,150.0,Yes,Yes,1,New,Low,360.0
857,36,Female,24,94.09,Two-Year,DSL,2258.16,No,Yes,1,1-2 Years,High,1129.08
858,49,Female,11,62.09,One-Year,DSL,682.99,No,Yes,1,New,Medium,745.08
859,39,Male,11,52.9,One-Year,DSL,581.9,Yes,Yes,1,New,Medium,634.8
860,51,Male,20,31.16,Month-to-Month,DSL,623.2,No,Yes,1,1-2 Years,Low,373.92
861,47,Male,55,78.63,Month-to-Month,,4324.65,No,Yes,1,4+ Years,High,943.56
862,29,Male,1,106.6,One-Year,,106.6,No,Yes,1,New,High,1279.1999999999998
863,60,Male,34,116.19,Month-to-Month,DSL,3950.46,Yes,Yes,1,2-4 Years,High,1394.28
864,62,Female,6,80.92,Month-to-Month,,485.52,No,Yes,1,New,High,971.04
865,38,Female,11,76.3,One-Year,DSL,839.3,No,Yes,1,New,High,915.5999999999999
866,41,Female,0,37.66,Month-to-Month,Fiber Optic,0.0,Yes,Yes,1,,Medium,451.91999999999996
867,47,Male,7,79.4,Month-to-Month,DSL,555.8,Yes,Yes,1,New,High,952.8000000000001
868,48,Female,13,64.2,Month-to-Month,Fiber Optic,834.6,Yes,Yes,1,1-2 Years,Medium,770.4000000000001
869,51,Male,1,84.64,Month-to-Month,DSL,84.64,No,Yes,1,New,High,1015.6800000000001
870,65,Female,13,64.99,Two-Year,Fiber Optic,844.87,Yes,No,0,1-2 Years,Medium,779.8799999999999
871,43,Female,52,51.63,Month-to-Month,Fiber Optic,2684.76,No,Yes,1,4+ Years,Medium,619.5600000000001
872,37,Male,2,38.55,Month-to-Month,,77.1,No,Yes,1,New,Medium,462.59999999999997
873,31,Female,28,58.34,Month-to-Month,DSL,1633.52,Yes,Yes,1,2-4 Years,Medium,700.08
874,37,Male,10,38.7,One-Year,DSL,387.0,Yes,Yes,1,New,Medium,464.40000000000003
875,44,Female,21,45.92,Month-to-Month,DSL,964.32,Yes,Yes,1,1-2 Years,Medium,551.04
876,62,Male,6,118.86,One-Year,Fiber Optic,713.16,No,Yes,1,New,High,1426.32
877,39,Male,3,69.97,Month-to-Month,DSL,209.91,Yes,Yes,1,New,Medium,839.64
878,47,Female,3,77.87,Month-to-Month,,233.61,No,Yes,1,New,High,934.44
879,44,Male,1,108.63,Month-to-Month,Fiber Optic,108.63,Yes,Yes,1,New,High,1303.56
880,56,Female,4,119.6,Two-Year,Fiber Optic,478.4,Yes,Yes,1,New,High,1435.1999999999998
881,70,Male,21,82.44,Two-Year,Fiber Optic,1731.24,No,Yes,1,1-2 Years,High,989.28
882,39,Female,42,103.12,Month-to-Month,DSL,4331.04,No,Yes,1,2-4 Years,High,1237.44
883,40,Female,33,59.42,One-Year,DSL,1960.86,Yes,No,0,2-4 Years,Medium,713.04
884,55,Female,23,57.52,Two-Year,Fiber Optic,1322.96,Yes,No,0,1-2 Years,Medium,690.24
885,51,Male,2,66.24,Month-to-Month,Fiber Optic,132.48,Yes,Yes,1,New,Medium,794.8799999999999
886,63,Male,6,90.53,Two-Year,DSL,543.18,Yes,Yes,1,New,High,1086.3600000000001
887,50,Male,7,91.4,Month-to-Month,DSL,639.8,No,Yes,1,New,High,1096.8000000000002
888,41,Male,5,58.37,Two-Year,,291.85,No,Yes,1,New,Medium,700.4399999999999
889,50,Female,14,41.99,One-Year,DSL,587.86,Yes,No,0,1-2 Years,Medium,503.88
890,56,Female,15,86.92,Two-Year,,1303.8,No,Yes,1,1-2 Years,High,1043.04
891,53,Female,8,41.55,One-Year,,332.4,No,Yes,1,New,Medium,498.59999999999997
892,50,Female,8,82.06,Month-to-Month,DSL,656.48,Yes,Yes,1,New,High,984.72
893,55,Female,35,92.41,Two-Year,DSL,3234.35,Yes,No,0,2-4 Years,High,1108.92
894,56,Female,31,93.06,Month-to-Month,DSL,2884.86,Yes,Yes,1,2-4 Years,High,1116.72
895,58,Male,7,97.81,Month-to-Month,Fiber Optic,684.67,Yes,Yes,1,New,High,1173.72
896,51,Female,49,108.56,One-Year,Fiber Optic,5319.44,Yes,Yes,1,4+ Years,High,1302.72
897,43,Female,61,75.0,One-Year,,4575.0,No,Yes,1,4+ Years,High,900.0
898,46,Female,7,95.72,Two-Year,,670.04,No,Yes,1,New,High,1148.6399999999999
899,57,Male,8,85.73,Month-to-Month,Fiber Optic,685.84,No,Yes,1,New,High,1028.76
900,36,Male,14,46.8,One-Year,DSL,655.2,Yes,No,0,1-2 Years,Medium,561.5999999999999
901,48,Male,56,32.31,One-Year,DSL,1809.36,Yes,No,0,4+ Years,Low,387.72
902,41,Female,41,55.61,Month-to-Month,,2280.01,No,Yes,1,2-4 Years,Medium,667.3199999999999
903,45,Female,2,69.87,Month-to-Month,DSL,139.74,No,Yes,1,New,Medium,838.44
904,57,Male,9,85.54,Month-to-Month,DSL,769.86,No,Yes,1,New,High,1026.48
905,46,Female,16,106.5,Month-to-Month,,1704.0,No,Yes,1,1-2 Years,High,1278.0
906,45,Male,13,47.66,Two-Year,Fiber Optic,619.58,Yes,No,0,1-2 Years,Medium,571.92
907,31,Male,4,41.3,One-Year,,165.2,No,Yes,1,New,Medium,495.59999999999997
908,52,Male,39,116.71,One-Year,Fiber Optic,4551.69,Yes,Yes,1,2-4 Years,High,1400.52
909,51,Female,22,39.72,Two-Year,DSL,873.84,No,Yes,1,1-2 Years,Medium,476.64
910,66,Female,36,73.06,Month-to-Month,,2630.16,No,Yes,1,2-4 Years,High,876.72
911,41,Male,39,82.7,Two-Year,DSL,3225.3,Yes,No,0,2-4 Years,High,992.4000000000001
912,47,Female,27,78.72,Month-to-Month,Fiber Optic,2125.44,Yes,Yes,1,2-4 Years,High,944.64
913,47,Male,11,37.74,Two-Year,Fiber Optic,415.14,Yes,Yes,1,New,Medium,452.88
914,60,Female,18,35.13,Month-to-Month,DSL,632.34,No,Yes,1,1-2 Years,Medium,421.56000000000006
915,44,Female,3,39.49,Two-Year,Fiber Optic,118.47,Yes,Yes,1,New,Medium,473.88
916,47,Female,22,82.7,Month-to-Month,DSL,1819.4,Yes,Yes,1,1-2 Years,High,992.4000000000001
917,51,Male,3,78.99,Month-to-Month,Fiber Optic,236.97,Yes,Yes,1,New,High,947.8799999999999
918,46,Female,23,51.04,One-Year,Fiber Optic,1173.92,Yes,No,0,1-2 Years,Medium,612.48
919,40,Female,5,87.4,Month-to-Month,,437.0,No,Yes,1,New,High,1048.8000000000002
920,46,Male,2,103.81,One-Year,,207.62,No,Yes,1,New,High,1245.72
921,55,Female,3,33.74,Month-to-Month,DSL,101.22,Yes,Yes,1,New,Low,404.88
922,34,Male,0,74.83,One-Year,Fiber Optic,0.0,No,Yes,1,,High,897.96
923,46,Female,25,92.04,Month-to-Month,Fiber Optic,2301.0,No,Yes,1,2-4 Years,High,1104.48
924,37,Male,26,52.71,Month-to-Month,DSL,1370.46,No,Yes,1,2-4 Years,Medium,632.52
925,56,Female,14,57.7,Month-to-Month,,807.8,No,Yes,1,1-2 Years,Medium,692.4000000000001
926,29,Female,3,85.23,Month-to-Month,,255.69,No,Yes,1,New,High,1022.76
927,39,Male,1,110.81,Month-to-Month,DSL,110.81,Yes,Yes,1,New,High,1329.72
928,48,Male,0,102.89,Month-to-Month,Fiber Optic,0.0,Yes,Yes,1,,High,1234.68
929,60,Male,3,82.48,Month-to-Month,DSL,247.44,No,Yes,1,New,High,989.76
930,44,Male,44,95.72,Month-to-Month,Fiber Optic,4211.68,No,Yes,1,2-4 Years,High,1148.6399999999999
931,39,Male,5,62.83,One-Year,DSL,314.15,No,Yes,1,New,Medium,753.96
932,63,Female,8,87.69,Two-Year,,701.52,No,Yes,1,New,High,1052.28
933,30,Male,2,71.96,Month-to-Month,,143.92,No,Yes,1,New,High,863.52
934,23,Male,5,47.09,One-Year,Fiber Optic,235.45,Yes,Yes,1,New,Medium,565.08
935,49,Female,14,93.16,One-Year,Fiber Optic,1304.24,Yes,No,0,1-2 Years,High,1117.92
936,39,Male,18,80.08,Month-to-Month,,1441.44,No,Yes,1,1-2 Years,High,960.96
937,34,Female,5,62.28,One-Year,Fiber Optic,311.4,Yes,Yes,1,New,Medium,747.36
938,52,Female,1,112.02,Month-to-Month,DSL,112.02,Yes,Yes,1,New,High,1344.24
939,47,Female,9,31.88,One-Year,Fiber Optic,286.92,Yes,Yes,1,New,Low,382.56
940,39,Female,5,58.42,Month-to-Month,,292.1,No,Yes,1,New,Medium,701.04
941,32,Female,4,35.12,One-Year,Fiber Optic,140.48,Yes,Yes,1,New,Medium,421.43999999999994
942,53,Male,64,98.99,One-Year,Fiber Optic,6335.36,No,Yes,1,4+ Years,High,1187.8799999999999
943,51,Male,19,93.19,Month-to-Month,,1770.61,No,Yes,1,1-2 Years,High,1118.28
944,44,Male,16,59.82,Month-to-Month,,957.12,No,Yes,1,1-2 Years,Medium,717.84
945,63,Female,10,90.81,Two-Year,,908.1,No,Yes,1,New,High,1089.72
946,34,Male,11,65.63,Month-to-Month,DSL,721.93,No,Yes,1,New,Medium,787.56
947,29,Female,15,98.06,One-Year,Fiber Optic,1470.9,Yes,No,0,1-2 Years,High,1176.72
948,38,Female,23,70.88,Two-Year,,1630.24,No,Yes,1,1-2 Years,High,850.56
949,44,Female,24,67.11,One-Year,,1610.64,No,Yes,1,1-2 Years,Medium,805.3199999999999
950,47,Female,3,114.13,One-Year,Fiber Optic,342.39,Yes,Yes,1,New,High,1369.56
951,42,Male,13,52.58,One-Year,DSL,683.54,Yes,No,0,1-2 Years,Medium,630.96
952,48,Female,10,40.84,Two-Year,,408.4,No,Yes,1,New,Medium,490.08000000000004
953,32,Female,40,82.61,Month-to-Month,,3304.4,No,Yes,1,2-4 Years,High,991.3199999999999
954,59,Male,19,117.24,Month-to-Month,DSL,2227.56,No,Yes,1,1-2 Years,High,1406.8799999999999
955,44,Male,15,64.01,Month-to-Month,Fiber Optic,960.15,No,Yes,1,1-2 Years,Medium,768.1200000000001
956,56,Female,2,35.58,Two-Year,DSL,71.16,No,Yes,1,New,Medium,426.96
957,48,Female,18,60.54,One-Year,Fiber Optic,1089.72,Yes,No,0,1-2 Years,Medium,726.48
958,49,Female,2,75.53,Month-to-Month,DSL,151.06,No,Yes,1,New,High,906.36
959,50,Female,8,44.57,Two-Year,Fiber Optic,356.56,Yes,Yes,1,New,Medium,534.84
960,49,Female,3,89.23,Month-to-Month,Fiber Optic,267.69,Yes,Yes,1,New,High,1070.76
961,51,Female,23,119.8,Month-to-Month,Fiber Optic,2755.4,Yes,Yes,1,1-2 Years,High,1437.6
962,58,Male,4,70.66,One-Year,Fiber Optic,282.64,Yes,Yes,1,New,High,847.92
963,46,Male,9,61.93,Month-to-Month,,557.37,No,Yes,1,New,Medium,743.16
964,52,Male,45,66.06,Two-Year,DSL,2972.7,Yes,No,0,2-4 Years,Medium,792.72
965,44,Female,4,40.36,Month-to-Month,DSL,161.44,Yes,Yes,1,New,Medium,484.32
966,59,Female,14,109.49,Two-Year,,1532.86,No,Yes,1,1-2 Years,High,1313.8799999999999
967,38,Female,10,67.33,One-Year,DSL,673.3,Yes,Yes,1,New,Medium,807.96
968,63,Male,0,64.85,Month-to-Month,,0.0,No,Yes,1,,Medium,778.1999999999999
969,44,Female,31,89.37,Two-Year,,2770.47,No,Yes,1,2-4 Years,High,1072.44
970,30,Female,1,69.78,One-Year,Fiber Optic,69.78,Yes,Yes,1,New,Medium,837.36
971,46,Female,12,88.34,Month-to-Month,,1060.08,No,Yes,1,New,High,1060.08
972,38,Female,16,35.53,Month-to-Month,DSL,568.48,Yes,Yes,1,1-2 Years,Medium,426.36
973,53,Male,19,103.24,Two-Year,Fiber Optic,1961.56,Yes,Yes,1,1-2 Years,High,1238.8799999999999
974,38,Female,23,114.65,Month-to-Month,Fiber Optic,2636.95,Yes,Yes,1,1-2 Years,High,1375.8000000000002
975,40,Male,5,88.39,Month-to-Month,Fiber Optic,441.95,Yes,Yes,1,New,High,1060.68
976,26,Male,0,115.91,Month-to-Month,,0.0,No,Yes,1,,High,1390.92
977,40,Female,25,43.63,Month-to-Month,DSL,1090.75,Yes,Yes,1,2-4 Years,Medium,523.5600000000001
978,20,Female,15,72.97,One-Year,Fiber Optic,1094.55,Yes,No,0,1-2 Years,High,875.64
979,29,Female,36,84.16,Month-to-Month,Fiber Optic,3029.76,Yes,Yes,1,2-4 Years,High,1009.92
980,52,Female,34,82.36,Month-to-Month,Fiber Optic,2800.24,No,Yes,1,2-4 Years,High,988.3199999999999
981,52,Female,37,66.13,Month-to-Month,DSL,2446.81,Yes,Yes,1,2-4 Years,Medium,793.56
982,49,Female,13,60.43,Month-to-Month,Fiber Optic,785.59,Yes,Yes,1,1-2 Years,Medium,725.16
983,35,Female,8,41.41,Two-Year,,331.28,No,Yes,1,New,Medium,496.91999999999996
984,44,Male,31,65.26,Month-to-Month,DSL,2023.06,Yes,Yes,1,2-4 Years,Medium,783.1200000000001
985,44,Male,12,44.64,Two-Year,,535.68,No,Yes,1,New,Medium,535.6800000000001
986,33,Male,4,96.09,Month-to-Month,Fiber Optic,384.36,Yes,Yes,1,New,High,1153.08
987,60,Male,38,48.79,Month-to-Month,,1854.02,No,Yes,1,2-4 Years,Medium,585.48
988,53,Male,42,35.27,Two-Year,,1481.34,No,Yes,1,2-4 Years,Medium,423.24
989,42,Male,12,79.71,Month-to-Month,DSL,956.52,Yes,Yes,1,New,High,956.52
990,45,Male,1,83.57,One-Year,Fiber Optic,83.57,Yes,Yes,1,New,High,1002.8399999999999
991,47,Female,9,108.47,Two-Year,,976.23,No,Yes,1,New,High,1301.6399999999999
992,24,Male,32,81.93,Month-to-Month,Fiber Optic,2621.76,Yes,Yes,1,2-4 Years,High,983.1600000000001
993,42,Female,46,61.09,Month-to-Month,,2810.14,No,Yes,1,2-4 Years,Medium,733.08
994,38,Male,4,102.27,One-Year,Fiber Optic,409.08,No,Yes,1,New,High,1227.24
995,34,Female,1,78.63,Month-to-Month,DSL,78.63,No,Yes,1,New,High,943.56
996,42,Male,41,37.14,Month-to-Month,Fiber Optic,1522.74,Yes,Yes,1,2-4 Years,Medium,445.68
997,62,Male,9,80.93,Month-to-Month,,728.37,No,Yes,1,New,High,971.1600000000001
998,51,Female,15,111.72,Month-to-Month,Fiber Optic,1675.8,Yes,Yes,1,1-2 Years,High,1340.6399999999999
999,39,Male,68,65.67,One-Year,,4465.56,No,Yes,1,4+ Years,Medium,788.04
1000,50,Male,1,56.67,Month-to-Month,,56.67,No,Yes,1,New,Medium,680.04
